Termine	Document ID	Term Frequency
acemagic	0	1
acemagic	70	1
acemagic	84	1
acemagic	85	1
acemagic	86	1
gaming	0	2
gaming	15	1
gaming	46	1
gaming	63	1
gaming	65	1
gaming	85	2
gaming	89	1
gaming	90	1
gaming	91	1
gaming	117	1
gaming	128	1
gaming	130	1
gaming	142	1
gaming	144	1
gaming	175	1
gaming	176	1
gaming	208	1
gaming	218	1
gaming	230	2
gaming	231	2
gaming	235	1
gaming	248	1
gaming	250	1
gaming	251	2
gaming	252	1
gaming	253	2
notebook	0	1
notebook	1	1
notebook	4	1
notebook	5	1
notebook	7	1
notebook	8	1
notebook	9	1
notebook	10	1
notebook	12	1
notebook	13	1
notebook	15	1
notebook	16	1
notebook	19	1
notebook	20	1
notebook	21	1
notebook	22	1
notebook	23	1
notebook	24	1
notebook	28	1
notebook	29	1
notebook	30	1
notebook	32	1
notebook	34	1
notebook	35	1
notebook	36	1
notebook	38	1
notebook	39	1
notebook	40	1
notebook	41	1
notebook	42	1
notebook	43	1
notebook	44	1
notebook	45	1
notebook	48	1
notebook	49	1
notebook	50	1
notebook	51	1
notebook	52	1
notebook	54	1
notebook	55	1
notebook	56	1
notebook	57	1
notebook	58	1
notebook	59	1
notebook	60	1
notebook	63	1
notebook	64	1
notebook	65	1
notebook	67	1
notebook	73	1
notebook	80	1
notebook	84	1
notebook	85	1
notebook	86	1
notebook	90	1
notebook	91	2
notebook	92	1
notebook	93	1
notebook	94	1
notebook	111	1
notebook	116	1
notebook	118	1
notebook	119	1
notebook	122	1
notebook	143	1
notebook	146	1
notebook	158	1
notebook	169	1
notebook	172	1
notebook	174	1
notebook	179	1
notebook	181	1
notebook	182	1
notebook	186	1
notebook	187	1
notebook	198	1
notebook	201	1
notebook	202	1
notebook	203	1
notebook	205	1
notebook	206	1
notebook	207	1
notebook	212	1
notebook	220	2
notebook	221	3
notebook	222	1
notebook	223	1
notebook	228	1
notebook	236	1
notebook	238	1
notebook	246	1
notebook	247	1
notebook	248	1
notebook	254	1
notebook	256	1
notebook	259	1
notebook	261	1
notebook	263	1
notebook	264	1
notebook	266	1
notebook	267	1
notebook	268	1
amd	0	1
amd	3	1
amd	6	2
amd	7	2
amd	8	2
amd	31	2
amd	89	1
amd	103	1
amd	199	1
ryzen	0	1
ryzen	3	1
ryzen	6	1
ryzen	7	1
ryzen	8	1
ryzen	31	1
ryzen	89	1
ryzen	103	1
ryzen	199	1
ryzen	208	1
7	0	1
7	3	1
7	7	1
7	89	1
7	112	1
7	120	1
7	126	1
7	143	1
7	169	1
7	199	2
7	208	1
7	213	1
7	248	1
7	250	1
5825u	0	1
5825u	89	1
battere	0	1
battere	70	1
i7	0	1
i7	10	1
i7	14	1
i7	21	1
i7	24	2
i7	34	1
i7	36	1
i7	40	1
i7	53	1
i7	63	1
i7	65	1
i7	71	1
i7	78	1
i7	123	1
i7	124	1
i7	134	1
i7	136	1
i7	140	1
i7	144	1
i7	153	1
i7	158	1
i7	162	1
i7	163	1
i7	164	2
i7	170	2
i7	173	1
i7	189	1
i7	191	1
i7	214	1
i7	216	1
i7	220	1
i7	224	1
i7	225	1
i7	227	1
i7	230	2
i7	231	1
1355u	0	1
1355u	24	1
1355u	158	1
retroilluminata	0	1
retroilluminata	3	1
retroilluminata	23	1
retroilluminata	29	1
retroilluminata	41	1
retroilluminata	69	1
retroilluminata	104	1
retroilluminata	175	1
retroilluminata	220	1
retroilluminata	253	1
pc	0	1
pc	2	1
pc	7	1
pc	8	1
pc	9	1
pc	10	1
pc	11	1
pc	12	1
pc	13	1
pc	14	1
pc	16	1
pc	17	2
pc	20	1
pc	21	1
pc	22	1
pc	24	1
pc	28	1
pc	32	1
pc	34	1
pc	35	1
pc	36	1
pc	39	1
pc	40	1
pc	41	1
pc	44	1
pc	45	1
pc	46	2
pc	50	1
pc	53	1
pc	54	1
pc	55	1
pc	56	1
pc	57	1
pc	58	1
pc	59	1
pc	60	1
pc	61	1
pc	62	1
pc	67	1
pc	68	1
pc	69	1
pc	70	1
pc	71	1
pc	73	1
pc	80	1
pc	84	1
pc	85	1
pc	86	1
pc	87	2
pc	89	2
pc	90	1
pc	91	1
pc	92	1
pc	93	1
pc	94	1
pc	95	2
pc	96	1
pc	97	1
pc	98	1
pc	104	1
pc	107	1
pc	108	1
pc	109	1
pc	111	1
pc	113	1
pc	114	2
pc	115	1
pc	116	2
pc	118	1
pc	119	1
pc	120	1
pc	123	1
pc	124	1
pc	125	3
pc	126	1
pc	127	1
pc	128	1
pc	129	1
pc	130	1
pc	132	1
pc	134	1
pc	135	1
pc	136	2
pc	137	1
pc	138	2
pc	139	1
pc	140	1
pc	141	1
pc	142	1
pc	143	1
pc	144	1
pc	145	1
pc	146	1
pc	153	1
pc	154	1
pc	157	1
pc	159	2
pc	161	2
pc	162	1
pc	163	2
pc	164	2
pc	165	1
pc	166	1
pc	169	2
pc	170	2
pc	172	1
pc	173	1
pc	174	3
pc	176	1
pc	179	2
pc	180	3
pc	182	1
pc	183	1
pc	187	1
pc	188	1
pc	189	1
pc	190	2
pc	191	1
pc	193	2
pc	194	1
pc	195	1
pc	196	1
pc	198	2
pc	199	1
pc	200	1
pc	201	1
pc	202	2
pc	203	2
pc	205	1
pc	206	1
pc	207	1
pc	208	2
pc	209	2
pc	210	3
pc	211	1
pc	212	1
pc	213	1
pc	214	1
pc	215	1
pc	216	1
pc	217	1
pc	218	1
pc	219	1
pc	220	1
pc	221	1
pc	222	1
pc	223	1
pc	224	1
pc	225	1
pc	226	2
pc	227	2
pc	228	1
pc	229	2
pc	230	2
pc	231	1
pc	232	1
pc	236	1
pc	237	2
pc	238	1
pc	239	1
pc	240	1
pc	247	1
pc	248	1
pc	249	1
pc	250	1
pc	251	2
pc	252	1
pc	253	1
pc	254	1
pc	255	2
pc	256	1
pc	257	1
pc	258	2
pc	259	2
pc	261	1
pc	262	2
pc	263	2
pc	264	1
pc	265	2
pc	266	1
pc	267	1
pc	268	1
pc	270	1
portatile	0	1
portatile	2	1
portatile	7	1
portatile	8	1
portatile	9	1
portatile	10	1
portatile	12	1
portatile	13	1
portatile	14	1
portatile	16	1
portatile	17	1
portatile	20	1
portatile	21	1
portatile	22	2
portatile	23	1
portatile	24	1
portatile	25	1
portatile	26	1
portatile	27	1
portatile	28	1
portatile	29	1
portatile	30	1
portatile	32	1
portatile	34	1
portatile	35	1
portatile	36	1
portatile	38	1
portatile	39	1
portatile	40	1
portatile	41	1
portatile	44	1
portatile	45	1
portatile	46	2
portatile	47	1
portatile	50	1
portatile	53	1
portatile	54	1
portatile	55	1
portatile	56	2
portatile	57	1
portatile	58	1
portatile	59	1
portatile	60	2
portatile	61	1
portatile	62	2
portatile	67	1
portatile	69	2
portatile	70	2
portatile	80	1
portatile	84	2
portatile	85	1
portatile	86	2
portatile	89	2
portatile	90	2
portatile	91	1
portatile	92	1
portatile	93	1
portatile	94	1
portatile	95	1
portatile	96	2
portatile	97	2
portatile	98	1
portatile	99	1
portatile	104	1
portatile	110	1
portatile	118	1
portatile	119	1
portatile	120	1
portatile	125	1
portatile	126	1
portatile	143	1
portatile	146	1
portatile	148	1
portatile	151	1
portatile	152	1
portatile	165	1
portatile	166	2
portatile	169	1
portatile	171	1
portatile	172	2
portatile	174	3
portatile	179	1
portatile	181	1
portatile	183	1
portatile	184	1
portatile	187	1
portatile	198	1
portatile	205	1
portatile	206	1
portatile	207	1
portatile	212	1
portatile	213	1
portatile	219	2
portatile	220	1
portatile	221	1
portatile	222	1
portatile	223	1
portatile	228	1
portatile	232	3
portatile	236	1
portatile	237	2
portatile	238	1
portatile	240	1
portatile	244	1
portatile	247	2
portatile	251	1
portatile	254	1
portatile	255	1
portatile	257	2
portatile	258	1
portatile	259	2
portatile	261	1
portatile	262	1
portatile	263	1
portatile	264	1
portatile	265	1
portatile	266	2
portatile	267	2
portatile	268	1
portatile	269	1
portatile	270	2
ram	0	1
ram	1	1
ram	2	1
ram	3	1
ram	4	1
ram	5	1
ram	6	1
ram	7	1
ram	8	1
ram	9	1
ram	10	1
ram	11	1
ram	12	1
ram	13	1
ram	14	1
ram	15	1
ram	19	1
ram	20	1
ram	21	1
ram	22	1
ram	23	1
ram	24	1
ram	28	1
ram	29	1
ram	30	1
ram	31	1
ram	32	1
ram	33	1
ram	34	1
ram	35	1
ram	36	1
ram	37	1
ram	38	1
ram	39	1
ram	40	1
ram	41	1
ram	42	1
ram	43	1
ram	44	1
ram	45	1
ram	48	1
ram	49	1
ram	50	1
ram	51	1
ram	52	1
ram	53	1
ram	54	1
ram	55	1
ram	56	1
ram	57	1
ram	58	1
ram	59	1
ram	60	1
ram	61	1
ram	62	1
ram	64	1
ram	65	1
ram	66	1
ram	68	1
ram	69	1
ram	70	1
ram	71	1
ram	74	1
ram	75	1
ram	77	1
ram	78	1
ram	85	1
ram	89	1
ram	90	1
ram	91	1
ram	94	1
ram	103	1
ram	104	1
ram	105	1
ram	108	1
ram	123	1
ram	124	1
ram	129	1
ram	130	1
ram	131	1
ram	132	1
ram	139	1
ram	140	1
ram	144	1
ram	145	1
ram	146	1
ram	148	1
ram	150	1
ram	151	1
ram	152	1
ram	153	1
ram	154	1
ram	155	1
ram	156	1
ram	157	1
ram	158	1
ram	159	1
ram	161	1
ram	162	1
ram	163	1
ram	164	1
ram	166	1
ram	170	1
ram	172	1
ram	173	1
ram	186	1
ram	187	1
ram	188	1
ram	189	1
ram	190	1
ram	191	1
ram	193	1
ram	199	1
ram	205	1
ram	212	1
ram	214	1
ram	215	1
ram	216	1
ram	217	1
ram	218	1
ram	220	1
ram	221	1
ram	222	1
ram	223	1
ram	224	1
ram	225	1
ram	226	1
ram	227	1
ram	229	1
ram	230	1
ram	231	1
ram	235	1
ram	236	1
ram	237	1
ram	238	1
ram	244	1
ram	247	1
ram	249	1
ram	259	1
ram	266	1
ram	267	1
ram	270	1
16gb	0	1
16gb	4	1
16gb	5	1
16gb	21	1
16gb	25	1
16gb	28	1
16gb	32	1
16gb	35	1
16gb	36	1
16gb	38	1
16gb	40	1
16gb	41	1
16gb	45	1
16gb	48	1
16gb	50	1
16gb	52	1
16gb	55	1
16gb	59	1
16gb	60	1
16gb	62	1
16gb	63	1
16gb	65	1
16gb	68	1
16gb	69	1
16gb	70	1
16gb	71	1
16gb	75	1
16gb	78	1
16gb	84	1
16gb	85	1
16gb	86	1
16gb	87	1
16gb	89	1
16gb	90	1
16gb	91	1
16gb	108	1
16gb	123	1
16gb	130	1
16gb	148	1
16gb	153	1
16gb	154	1
16gb	158	1
16gb	159	1
16gb	161	1
16gb	163	1
16gb	173	1
16gb	190	1
16gb	191	1
16gb	210	1
16gb	211	1
16gb	217	1
16gb	220	1
16gb	221	1
16gb	226	1
16gb	231	1
16gb	236	1
16gb	247	1
16gb	267	1
nvme	0	1
nvme	2	1
nvme	3	1
nvme	7	1
nvme	8	1
nvme	9	1
nvme	10	1
nvme	28	1
nvme	30	1
nvme	31	1
nvme	38	1
nvme	43	1
nvme	45	1
nvme	51	1
nvme	57	1
nvme	58	1
nvme	103	1
nvme	129	1
nvme	146	1
nvme	211	1
nvme	217	1
nvme	230	1
nvme	231	1
ssd	0	1
ssd	2	1
ssd	3	1
ssd	4	1
ssd	5	1
ssd	6	1
ssd	7	1
ssd	8	1
ssd	9	1
ssd	10	1
ssd	11	1
ssd	13	1
ssd	14	1
ssd	15	1
ssd	16	1
ssd	19	1
ssd	20	1
ssd	21	1
ssd	22	1
ssd	23	1
ssd	24	1
ssd	25	1
ssd	26	1
ssd	27	1
ssd	28	1
ssd	29	1
ssd	30	1
ssd	31	1
ssd	32	1
ssd	34	1
ssd	35	1
ssd	36	1
ssd	37	1
ssd	38	1
ssd	39	1
ssd	40	1
ssd	41	1
ssd	42	1
ssd	43	1
ssd	44	1
ssd	45	1
ssd	48	1
ssd	50	1
ssd	51	2
ssd	52	1
ssd	53	1
ssd	54	1
ssd	55	1
ssd	56	1
ssd	57	1
ssd	58	1
ssd	59	1
ssd	61	1
ssd	62	1
ssd	63	1
ssd	64	1
ssd	65	1
ssd	66	1
ssd	68	2
ssd	69	1
ssd	70	1
ssd	71	1
ssd	74	1
ssd	77	1
ssd	78	1
ssd	84	1
ssd	85	1
ssd	86	1
ssd	87	1
ssd	89	1
ssd	90	1
ssd	91	1
ssd	92	1
ssd	93	1
ssd	94	1
ssd	103	1
ssd	104	1
ssd	105	1
ssd	108	1
ssd	113	1
ssd	114	1
ssd	115	1
ssd	122	1
ssd	123	1
ssd	124	1
ssd	129	1
ssd	130	1
ssd	131	1
ssd	134	1
ssd	135	1
ssd	136	1
ssd	140	1
ssd	143	1
ssd	144	1
ssd	145	1
ssd	146	1
ssd	148	1
ssd	150	1
ssd	151	1
ssd	152	1
ssd	153	1
ssd	154	1
ssd	156	1
ssd	157	1
ssd	158	1
ssd	159	1
ssd	161	1
ssd	162	1
ssd	163	1
ssd	164	1
ssd	170	1
ssd	172	1
ssd	173	1
ssd	180	1
ssd	181	1
ssd	186	1
ssd	187	1
ssd	188	1
ssd	189	1
ssd	190	1
ssd	191	1
ssd	193	1
ssd	199	1
ssd	205	1
ssd	206	1
ssd	207	1
ssd	208	1
ssd	209	1
ssd	211	1
ssd	212	1
ssd	214	1
ssd	215	1
ssd	216	1
ssd	217	1
ssd	218	1
ssd	219	1
ssd	220	1
ssd	221	1
ssd	222	1
ssd	223	1
ssd	224	1
ssd	225	1
ssd	226	1
ssd	227	1
ssd	228	1
ssd	229	1
ssd	230	1
ssd	231	1
ssd	232	1
ssd	235	1
ssd	236	1
ssd	237	1
ssd	238	1
ssd	247	1
ssd	259	1
ssd	266	1
ssd	268	1
ssd	270	1
512gb	0	1
512gb	3	1
512gb	5	1
512gb	16	1
512gb	28	1
512gb	31	1
512gb	32	1
512gb	35	1
512gb	36	1
512gb	48	1
512gb	55	1
512gb	59	1
512gb	62	1
512gb	64	1
512gb	65	1
512gb	68	1
512gb	69	1
512gb	70	1
512gb	75	1
512gb	84	1
512gb	85	1
512gb	86	1
512gb	89	1
512gb	90	1
512gb	91	1
512gb	108	1
512gb	130	1
512gb	148	1
512gb	153	1
512gb	154	1
512gb	159	1
512gb	161	1
512gb	163	1
512gb	164	1
512gb	173	1
512gb	186	1
512gb	190	1
512gb	191	1
512gb	207	1
512gb	210	1
512gb	211	1
512gb	220	1
512gb	221	1
512gb	236	1
512gb	237	1
512gb	247	1
512gb	267	1
512gb	270	1
laptop	0	1
laptop	17	1
laptop	20	1
laptop	24	1
laptop	37	1
laptop	38	1
laptop	46	1
laptop	47	2
laptop	66	1
laptop	67	1
laptop	69	1
laptop	70	1
laptop	72	1
laptop	73	1
laptop	74	1
laptop	75	1
laptop	76	2
laptop	78	1
laptop	79	1
laptop	81	1
laptop	83	1
laptop	85	1
laptop	86	2
laptop	88	2
laptop	89	1
laptop	90	1
laptop	91	1
laptop	92	1
laptop	95	1
laptop	96	1
laptop	97	2
laptop	100	1
laptop	101	1
laptop	102	1
laptop	106	1
laptop	107	1
laptop	110	1
laptop	111	1
laptop	116	1
laptop	120	1
laptop	121	1
laptop	122	1
laptop	126	1
laptop	133	2
laptop	138	1
laptop	143	1
laptop	149	1
laptop	156	1
laptop	165	1
laptop	166	1
laptop	169	1
laptop	174	2
laptop	177	2
laptop	178	1
laptop	179	1
laptop	181	3
laptop	184	1
laptop	187	1
laptop	192	1
laptop	194	1
laptop	195	1
laptop	196	1
laptop	198	1
laptop	200	1
laptop	201	1
laptop	202	1
laptop	203	1
laptop	205	1
laptop	206	1
laptop	207	1
laptop	213	1
laptop	220	1
laptop	221	1
laptop	222	1
laptop	233	1
laptop	235	1
laptop	236	1
laptop	239	1
laptop	240	1
laptop	243	1
laptop	246	1
laptop	247	1
laptop	248	1
laptop	252	1
laptop	253	1
laptop	254	1
laptop	255	1
laptop	256	1
laptop	258	1
laptop	259	1
laptop	260	1
laptop	261	1
laptop	263	1
laptop	264	1
laptop	265	1
laptop	266	1
laptop	267	1
16	0	1
16	2	1
16	7	1
16	9	1
16	10	1
16	11	1
16	14	1
16	15	3
16	16	1
16	17	1
16	19	1
16	29	1
16	43	2
16	61	1
16	76	1
16	84	1
16	86	1
16	89	1
16	106	1
16	111	1
16	114	1
16	136	1
16	146	1
16	164	1
16	170	1
16	173	1
16	189	1
16	199	1
16	200	1
16	201	1
16	207	1
16	208	1
16	215	1
16	218	1
16	222	1
16	232	1
16	241	1
16	254	1
16	255	1
16	261	1
16	265	1
16	267	1
1	0	1
1	24	1
1	35	2
1	43	1
1	55	1
1	72	1
1	88	1
1	89	1
1	90	1
1	91	1
1	99	1
1	112	1
1	132	1
1	143	1
1	145	3
1	155	1
1	157	1
1	184	1
1	199	2
1	211	1
1	218	1
1	222	2
1	223	1
1	224	1
1	225	1
1	232	1
1	239	1
1	256	1
full	0	1
full	21	1
full	28	1
full	39	1
full	40	1
full	41	1
full	45	1
full	50	1
full	51	1
full	52	1
full	54	1
full	57	1
full	58	1
full	64	1
full	70	1
full	75	1
full	84	1
full	142	1
full	187	1
full	221	1
full	244	1
hd	0	1
hd	21	1
hd	22	1
hd	28	1
hd	30	1
hd	33	2
hd	36	1
hd	38	1
hd	39	1
hd	40	1
hd	41	1
hd	42	1
hd	44	1
hd	45	1
hd	50	1
hd	51	1
hd	52	1
hd	54	1
hd	55	1
hd	57	1
hd	58	1
hd	59	1
hd	61	1
hd	64	1
hd	70	1
hd	75	1
hd	84	1
hd	122	1
hd	142	1
hd	146	1
hd	158	1
hd	187	1
hd	210	1
hd	218	1
hd	221	1
hd	224	1
hd	237	1
hd	244	1
hd	249	1
1920x1080	0	1
1920x1080	48	1
1920x1080	49	1
1920x1080	96	1
1920x1080	143	1
1920x1080	186	1
color	0	1
color	104	1
grigio	0	1
grigio	90	1
grigio	156	1
grigio	166	1
grigio	196	1
grigio	228	1
asus	1	1
asus	2	1
asus	3	1
asus	4	1
asus	5	1
asus	6	1
asus	82	1
asus	88	1
asus	111	1
asus	133	1
asus	169	1
asus	201	1
asus	254	1
asus	258	1
asus	261	1
chromebook	1	1
chromebook	12	1
chromebook	33	1
chromebook	49	1
chromebook	73	1
chromebook	244	1
chromebook	248	1
chromebook	261	1
cx1	1	1
cx1400cka	1	1
14	1	1
14	12	1
14	21	1
14	22	1
14	32	1
14	34	1
14	35	1
14	36	1
14	49	1
14	53	1
14	55	1
14	59	1
14	61	1
14	64	2
14	73	1
14	88	2
14	92	1
14	93	1
14	94	1
14	122	1
14	132	1
14	133	2
14	143	1
14	152	1
14	155	1
14	181	1
14	205	1
14	206	1
14	219	1
14	222	1
14	223	1
14	244	1
14	250	1
14	260	1
14	266	1
14	268	1
anti	1	1
anti	5	1
anti	6	1
anti	194	1
anti	253	1
glare	1	1
glare	5	1
glare	6	1
intel	1	2
intel	2	2
intel	4	1
intel	5	2
intel	9	2
intel	10	2
intel	11	2
intel	13	1
intel	14	1
intel	15	1
intel	19	2
intel	20	1
intel	21	1
intel	22	1
intel	23	1
intel	24	1
intel	25	1
intel	26	1
intel	27	1
intel	28	1
intel	30	1
intel	32	1
intel	33	2
intel	34	1
intel	35	1
intel	36	1
intel	37	2
intel	38	1
intel	39	1
intel	40	1
intel	41	1
intel	42	1
intel	43	1
intel	44	1
intel	45	1
intel	48	1
intel	50	1
intel	51	1
intel	52	1
intel	53	1
intel	54	1
intel	55	1
intel	56	1
intel	57	1
intel	58	1
intel	59	1
intel	61	1
intel	63	1
intel	64	2
intel	66	1
intel	72	1
intel	74	2
intel	75	1
intel	77	1
intel	78	1
intel	105	1
intel	108	1
intel	109	1
intel	113	1
intel	114	1
intel	115	1
intel	122	1
intel	123	1
intel	124	1
intel	129	1
intel	130	1
intel	131	1
intel	134	1
intel	135	1
intel	137	1
intel	140	1
intel	145	1
intel	146	1
intel	148	1
intel	150	1
intel	151	1
intel	153	1
intel	154	1
intel	155	1
intel	156	2
intel	158	2
intel	159	1
intel	161	1
intel	162	1
intel	163	1
intel	173	1
intel	186	1
intel	188	1
intel	189	1
intel	190	1
intel	191	1
intel	210	1
intel	212	1
intel	217	1
intel	218	1
intel	224	2
intel	226	1
intel	227	1
intel	230	2
intel	235	1
intel	244	1
intel	247	1
celeron	1	1
celeron	33	1
celeron	38	1
celeron	69	1
celeron	86	1
celeron	87	1
celeron	93	1
celeron	94	1
celeron	143	1
celeron	146	1
celeron	156	1
celeron	166	1
celeron	172	1
celeron	180	1
celeron	181	1
celeron	205	1
celeron	206	1
celeron	207	1
celeron	219	1
celeron	223	1
celeron	228	1
celeron	237	1
celeron	238	1
celeron	244	1
celeron	259	1
celeron	266	1
n4500	1	1
n4500	25	1
n4500	26	1
n4500	27	1
n4500	30	1
n4500	33	1
n4500	38	1
n4500	42	1
n4500	52	1
n4500	54	1
n4500	56	1
n4500	60	1
n4500	146	1
n4500	156	1
4gb	1	1
4gb	65	1
4gb	72	1
4gb	130	1
4gb	144	1
4gb	155	1
4gb	237	1
4gb	244	1
64gb	1	1
64gb	129	1
64gb	234	1
64gb	244	1
emmc	1	1
emmc	12	1
emmc	33	1
emmc	49	1
emmc	109	1
emmc	244	1
emmc	270	1
uhd	1	1
uhd	2	1
uhd	10	1
uhd	11	1
uhd	19	1
uhd	33	1
uhd	64	1
uhd	86	1
uhd	87	1
uhd	136	1
uhd	156	1
uhd	209	1
uhd	211	1
uhd	223	1
uhd	236	1
uhd	267	1
graphics	1	1
graphics	6	1
graphics	220	1
600	1	1
600	33	1
600	266	1
chromeos	1	1
chromeos	12	1
chromeos	33	1
chromeos	49	1
argento	1	1
argento	5	1
argento	37	1
argento	94	1
argento	105	1
argento	126	1
argento	149	1
argento	158	1
argento	166	1
argento	219	1
argento	266	1
argento	267	1
expertbook	2	1
cpu	2	1
cpu	3	1
cpu	13	1
cpu	14	1
cpu	16	1
cpu	23	1
cpu	38	1
cpu	42	1
cpu	50	1
cpu	51	1
cpu	52	1
cpu	54	1
cpu	56	1
cpu	60	1
cpu	91	1
cpu	146	1
cpu	148	1
cpu	153	1
cpu	172	1
cpu	220	1
cpu	226	1
cpu	227	1
cpu	259	1
core	2	1
core	4	1
core	5	1
core	9	1
core	10	1
core	11	1
core	13	1
core	14	2
core	15	1
core	19	1
core	20	1
core	21	1
core	23	1
core	24	1
core	28	1
core	32	1
core	34	1
core	35	1
core	36	1
core	37	1
core	39	1
core	40	1
core	41	1
core	43	1
core	44	1
core	45	1
core	48	1
core	51	1
core	53	1
core	55	1
core	59	1
core	61	1
core	74	1
core	75	1
core	77	1
core	78	1
core	105	2
core	122	1
core	124	1
core	129	1
core	131	1
core	134	1
core	135	1
core	136	1
core	140	1
core	144	1
core	145	1
core	148	1
core	150	1
core	151	1
core	153	1
core	155	1
core	158	1
core	166	1
core	173	1
core	181	1
core	184	1
core	186	1
core	188	1
core	189	1
core	190	1
core	191	1
core	211	1
core	212	1
core	214	1
core	217	1
core	220	1
core	221	1
core	223	1
core	224	1
core	226	1
core	227	1
core	231	1
core	232	1
core	236	1
core	237	1
core	238	1
core	249	1
core	267	1
i3	2	1
i3	57	1
i3	58	1
i3	64	1
i3	131	1
i3	186	1
i3	267	1
12th	2	1
12th	14	1
12th	28	1
12th	39	1
12th	40	1
12th	41	1
12th	45	1
12th	113	1
12th	209	1
6core	2	1
gb	2	2
gb	6	1
gb	7	2
gb	8	2
gb	9	2
gb	10	2
gb	11	2
gb	12	2
gb	13	2
gb	14	2
gb	15	3
gb	19	2
gb	24	1
gb	26	2
gb	27	1
gb	29	2
gb	30	2
gb	37	1
gb	42	1
gb	44	1
gb	50	1
gb	51	1
gb	52	1
gb	61	2
gb	87	1
gb	92	2
gb	109	2
gb	114	2
gb	122	2
gb	135	2
gb	136	1
gb	137	2
gb	145	1
gb	146	2
gb	151	2
gb	156	2
gb	164	1
gb	170	2
gb	181	1
gb	187	1
gb	189	2
gb	193	2
gb	199	1
gb	208	3
gb	215	2
gb	216	2
gb	218	3
gb	219	1
gb	222	2
gb	224	1
gb	225	1
gb	230	1
gb	232	2
gb	235	1
gb	238	1
gb	249	2
pcie	2	1
pcie	4	1
pcie	5	1
pcie	6	1
pcie	7	1
pcie	8	1
pcie	9	1
pcie	10	1
pcie	14	1
pcie	43	1
pcie	64	1
pcie	136	1
pcie	158	1
pcie	199	1
512	2	1
512	8	1
512	9	1
512	14	1
512	19	1
512	29	1
512	37	1
512	50	1
512	52	1
512	61	1
512	87	1
512	137	1
512	146	1
512	170	1
512	208	1
512	222	1
512	238	1
15	2	1
15	3	1
15	5	2
15	6	2
15	7	2
15	8	1
15	9	1
15	10	1
15	13	2
15	14	1
15	19	2
15	23	1
15	24	1
15	25	1
15	26	1
15	27	1
15	28	1
15	29	1
15	30	1
15	33	1
15	38	1
15	39	1
15	40	1
15	41	1
15	42	1
15	44	1
15	45	1
15	48	1
15	50	1
15	51	1
15	52	1
15	54	1
15	56	1
15	57	1
15	58	1
15	60	1
15	62	1
15	65	2
15	67	1
15	69	1
15	70	1
15	75	1
15	80	1
15	90	1
15	91	1
15	95	1
15	96	1
15	99	1
15	106	2
15	110	1
15	111	2
15	116	1
15	125	1
15	138	1
15	141	1
15	146	1
15	149	1
15	156	1
15	158	2
15	166	1
15	172	1
15	182	1
15	183	1
15	186	1
15	187	1
15	198	1
15	200	2
15	201	2
15	202	1
15	203	1
15	220	1
15	221	1
15	228	1
15	236	1
15	237	1
15	240	1
15	242	1
15	259	1
15	260	2
15	261	4
15	265	2
15	270	1
6	2	2
6	3	2
6	5	1
6	6	1
6	7	1
6	8	1
6	9	1
6	10	1
6	13	1
6	14	1
6	19	1
6	23	2
6	24	1
6	25	2
6	26	2
6	27	1
6	28	1
6	29	2
6	30	1
6	33	1
6	36	1
6	38	1
6	39	1
6	40	1
6	41	1
6	42	1
6	44	1
6	45	1
6	48	2
6	49	1
6	50	1
6	51	1
6	52	1
6	54	1
6	56	1
6	57	1
6	58	1
6	60	1
6	62	1
6	63	1
6	64	1
6	65	1
6	67	1
6	69	1
6	70	1
6	72	1
6	75	1
6	77	1
6	79	1
6	89	1
6	90	2
6	91	1
6	96	1
6	97	1
6	99	1
6	104	1
6	106	1
6	109	1
6	110	1
6	111	1
6	113	1
6	114	1
6	115	1
6	116	1
6	125	1
6	141	1
6	149	1
6	156	1
6	158	1
6	166	1
6	172	1
6	181	1
6	182	1
6	183	1
6	186	2
6	187	1
6	198	1
6	200	1
6	201	1
6	203	1
6	208	1
6	211	1
6	220	1
6	221	1
6	224	1
6	228	1
6	233	1
6	236	1
6	242	1
6	258	1
6	259	1
6	261	3
6	265	1
6	270	1
fullhd	2	1
fullhd	14	1
fullhd	23	1
fullhd	29	1
antiriflesso	2	1
antiriflesso	33	1
antiriflesso	37	1
antiriflesso	158	1
wi	2	1
wi	3	1
wi	14	1
wi	25	1
wi	26	1
wi	27	1
wi	29	1
wi	31	1
wi	33	1
wi	71	1
wi	136	1
wi	145	1
wi	156	1
wi	157	1
wi	158	1
wi	164	1
wi	170	1
wi	187	1
wi	189	1
wi	193	2
wi	209	1
wi	223	1
wi	224	1
wi	236	1
fi	2	1
fi	3	1
fi	14	1
fi	25	1
fi	26	1
fi	27	1
fi	29	1
fi	31	1
fi	33	1
fi	71	1
fi	136	1
fi	145	1
fi	156	1
fi	157	1
fi	158	1
fi	164	1
fi	170	1
fi	187	1
fi	189	1
fi	193	2
fi	209	1
fi	223	1
fi	224	1
fi	236	1
4	2	1
4	12	1
4	13	1
4	14	1
4	23	1
4	28	1
4	35	1
4	39	1
4	40	1
4	41	1
4	45	1
4	62	1
4	79	1
4	83	1
4	87	1
4	89	2
4	94	1
4	96	1
4	100	1
4	109	1
4	118	1
4	119	1
4	136	1
4	140	1
4	144	1
4	156	2
4	180	1
4	190	1
4	199	3
4	201	1
4	205	1
4	208	2
4	209	1
4	211	1
4	217	1
4	218	1
4	219	1
4	223	1
4	225	1
4	227	1
4	230	1
4	237	1
4	238	2
4	247	1
4	248	1
usb	2	1
usb	14	1
usb	29	1
usb	36	1
usb	42	1
usb	44	1
usb	50	1
usb	51	1
usb	52	1
usb	61	1
usb	67	1
usb	69	1
usb	82	1
usb	83	1
usb	86	1
usb	94	1
usb	96	1
usb	110	1
usb	112	2
usb	120	1
usb	125	1
usb	157	1
usb	166	1
usb	175	1
usb	177	1
usb	178	1
usb	179	1
usb	181	1
usb	183	1
usb	194	1
usb	195	1
usb	196	1
usb	197	1
usb	198	1
usb	199	1
usb	205	1
usb	213	1
usb	218	1
usb	219	1
usb	221	1
usb	224	2
usb	226	1
usb	228	1
usb	236	1
usb	237	1
usb	244	1
usb	245	2
usb	248	1
usb	250	1
usb	251	1
usb	252	1
usb	253	1
usb	255	1
usb	256	1
usb	257	1
usb	263	1
usb	264	1
bt	2	1
bt	86	1
bt	180	1
bt	187	1
bt	208	1
bt	209	1
bt	211	1
lan	2	1
lan	42	1
lan	50	1
lan	52	1
lan	113	1
lan	115	1
lan	208	1
win	2	1
win	4	1
win	5	1
win	6	1
win	14	1
win	16	1
win	20	1
win	25	1
win	29	1
win	34	1
win	39	1
win	40	1
win	41	1
win	42	1
win	44	1
win	50	1
win	51	1
win	52	1
win	53	1
win	64	1
win	65	1
win	92	1
win	93	1
win	94	1
win	108	1
win	143	1
win	152	1
win	205	1
win	206	1
win	219	1
win	266	1
win	267	1
win	268	1
11	2	1
11	4	1
11	5	1
11	6	1
11	7	1
11	8	1
11	9	1
11	10	1
11	11	1
11	13	1
11	14	1
11	15	1
11	16	1
11	19	1
11	20	1
11	21	1
11	24	1
11	25	1
11	26	1
11	28	1
11	29	1
11	31	1
11	37	1
11	38	1
11	39	1
11	40	1
11	41	1
11	42	1
11	45	1
11	48	1
11	50	1
11	51	1
11	52	1
11	54	1
11	57	1
11	58	1
11	64	1
11	65	1
11	66	1
11	70	1
11	72	2
11	74	1
11	75	1
11	80	1
11	92	1
11	93	1
11	94	1
11	103	1
11	108	1
11	109	1
11	120	1
11	124	1
11	129	1
11	134	1
11	136	1
11	137	1
11	140	1
11	143	1
11	146	1
11	153	1
11	154	1
11	156	1
11	158	1
11	159	1
11	164	1
11	170	1
11	172	1
11	173	1
11	180	2
11	181	1
11	186	1
11	187	1
11	205	1
11	206	1
11	210	1
11	212	1
11	213	1
11	214	1
11	215	1
11	216	1
11	217	1
11	218	1
11	219	1
11	220	1
11	222	1
11	224	1
11	225	1
11	226	1
11	227	1
11	229	1
11	230	1
11	231	1
11	237	1
11	258	2
11	259	1
11	266	1
11	267	1
11	268	1
preconfigurato	2	1
preconfigurato	3	1
preconfigurato	25	1
notebok	3	1
vivobook	3	1
vivobook	5	1
vivobook	6	1
oled	3	1
display	3	1
display	7	1
display	8	1
display	9	1
display	10	1
display	11	1
display	12	1
display	15	1
display	20	1
display	21	1
display	22	1
display	23	1
display	24	1
display	27	1
display	28	1
display	29	1
display	30	1
display	31	1
display	32	1
display	33	1
display	34	1
display	35	1
display	36	1
display	37	1
display	38	1
display	39	1
display	40	1
display	41	1
display	43	1
display	44	1
display	45	1
display	53	1
display	54	1
display	55	1
display	56	1
display	59	1
display	60	1
display	61	1
display	68	1
display	104	1
display	105	1
display	113	1
display	124	1
display	127	1
display	130	1
display	146	1
display	156	1
display	184	1
display	187	1
display	189	1
display	210	1
display	211	1
display	235	1
display	244	1
display	270	1
2	3	2
2	16	2
2	36	2
2	38	1
2	42	1
2	44	2
2	62	1
2	64	1
2	68	3
2	72	1
2	84	1
2	85	2
2	86	2
2	87	4
2	89	1
2	90	1
2	91	1
2	92	1
2	93	1
2	94	2
2	98	1
2	105	1
2	108	2
2	109	3
2	113	2
2	114	1
2	115	2
2	118	1
2	119	1
2	121	1
2	132	1
2	136	2
2	143	3
2	145	1
2	148	1
2	151	1
2	155	2
2	156	1
2	166	1
2	172	1
2	180	3
2	181	1
2	189	1
2	199	1
2	205	2
2	206	2
2	207	1
2	208	3
2	209	2
2	210	2
2	211	2
2	217	1
2	219	3
2	222	1
2	223	1
2	224	1
2	228	3
2	231	1
2	232	1
2	235	1
2	237	2
2	238	3
2	247	1
2	248	1
2	251	1
2	255	1
2	266	1
2	268	1
8k	3	1
8k	136	1
2880x1620	3	1
7730u	3	1
8core	3	1
40gb	3	1
win11	3	1
win11	23	1
win11	63	1
win11	69	1
win11	207	1
win11	228	1
webcam	3	1
webcam	11	1
webcam	20	1
webcam	21	1
webcam	33	1
webcam	122	1
webcam	151	1
webcam	156	1
webcam	158	1
webcam	247	1
usb3	3	1
usb3	62	1
usb3	84	1
usb3	85	1
usb3	90	1
usb3	91	1
usb3	108	1
usb3	140	1
usb3	145	1
usb3	172	1
usb3	217	1
usb3	222	1
usb3	225	1
usb3	259	1
hdmi	3	1
hdmi	14	1
hdmi	42	1
hdmi	50	1
hdmi	52	1
hdmi	68	1
hdmi	70	1
hdmi	84	1
hdmi	85	1
hdmi	87	1
hdmi	89	1
hdmi	90	1
hdmi	91	1
hdmi	94	1
hdmi	96	1
hdmi	107	2
hdmi	108	1
hdmi	109	1
hdmi	112	1
hdmi	114	1
hdmi	124	1
hdmi	130	1
hdmi	142	1
hdmi	144	1
hdmi	166	1
hdmi	172	1
hdmi	176	1
hdmi	180	1
hdmi	199	1
hdmi	208	1
hdmi	211	1
hdmi	215	1
hdmi	216	1
hdmi	218	1
hdmi	219	1
hdmi	221	1
hdmi	224	1
hdmi	232	1
hdmi	239	2
hdmi	259	1
bt5	3	1
bt5	62	1
bt5	84	1
bt5	85	1
bt5	90	1
bt5	91	1
bt5	113	1
bt5	114	1
bt5	115	1
bt5	199	1
bt5	247	1
bt5	259	1
3	3	1
3	6	1
3	7	1
3	8	1
3	9	1
3	18	2
3	29	1
3	37	1
3	43	1
3	47	1
3	48	1
3	49	1
3	62	1
3	63	1
3	64	1
3	66	1
3	68	1
3	69	1
3	70	1
3	73	2
3	74	1
3	77	1
3	78	1
3	79	1
3	81	4
3	84	2
3	85	1
3	86	2
3	88	1
3	90	1
3	91	1
3	102	1
3	108	1
3	112	2
3	113	1
3	114	1
3	115	1
3	120	1
3	130	1
3	137	1
3	151	1
3	157	1
3	165	1
3	166	1
3	173	1
3	181	1
3	186	1
3	190	1
3	199	1
3	205	1
3	209	1
3	213	1
3	221	1
3	224	2
3	226	1
3	229	1
3	233	1
3	236	1
3	237	1
3	247	1
3	251	1
3	252	1
3	255	1
3	258	1
3	264	1
3	267	1
rog	4	1
rog	112	1
strix	4	1
scar	4	1
18	4	2
18	47	1
18	234	1
18	235	2
18	262	1
g834jyr	4	1
b0cq2qr11p	4	1
monitor	4	1
monitor	5	1
monitor	42	1
monitor	50	1
monitor	51	1
monitor	52	1
monitor	71	1
monitor	96	1
monitor	100	1
monitor	107	2
monitor	121	2
monitor	142	2
monitor	157	1
monitor	165	1
monitor	176	2
monitor	204	1
monitor	239	1
monitor	246	1
qhd	4	1
qhd	234	1
qhd	235	1
antiglare	4	1
240hz	4	1
240hz	234	1
240hz	235	1
processore	4	1
processore	7	1
processore	8	1
processore	9	1
processore	10	1
processore	11	1
processore	12	1
processore	15	1
processore	53	1
processore	71	1
processore	113	1
processore	114	1
processore	115	1
processore	166	1
processore	184	1
processore	221	1
processore	232	1
processore	236	1
processore	244	1
processore	270	1
i9	4	1
i9	15	1
i9	43	1
i9	129	1
i9	145	1
i9	234	1
i9	235	1
14900hx	4	1
14900hx	15	1
14900hx	43	1
32gb	4	1
32gb	43	1
32gb	44	1
32gb	103	1
32gb	124	1
32gb	134	1
32gb	140	1
32gb	144	1
32gb	162	1
32gb	227	1
32gb	230	1
32gb	231	1
2tb	4	1
2tb	91	1
2tb	234	1
nvidia	4	1
nvidia	15	1
nvidia	43	1
nvidia	63	1
nvidia	65	1
nvidia	103	1
nvidia	123	1
nvidia	130	1
nvidia	235	1
geforce	4	1
geforce	15	1
geforce	43	1
geforce	103	1
geforce	130	1
geforce	218	1
geforce	235	1
rtx	4	1
rtx	15	1
rtx	43	1
rtx	63	1
rtx	65	1
rtx	103	1
rtx	230	1
rtx	231	1
rtx	234	1
rtx	235	1
4090	4	1
4090	234	1
4090	235	1
home	4	1
home	5	1
home	7	1
home	8	1
home	9	1
home	10	1
home	11	1
home	15	1
home	19	1
home	48	1
home	63	1
home	64	1
home	65	1
home	72	1
home	74	1
home	75	1
home	186	1
home	237	1
home	238	1
nero	4	1
nero	19	1
nero	43	1
nero	47	1
nero	83	1
nero	98	1
nero	99	1
nero	100	1
nero	110	1
nero	120	1
nero	121	1
nero	126	1
nero	132	1
nero	133	1
nero	141	1
nero	149	1
nero	178	1
nero	183	1
nero	195	1
nero	197	1
nero	198	1
nero	202	1
nero	243	1
nero	246	1
nero	251	1
nero	252	1
nero	253	1
nero	254	1
nero	255	1
nero	256	1
nero	258	1
nero	262	1
nero	263	1
nero	264	1
nero	269	1
f1504za	5	1
b086zrtqh5	5	1
fhd	5	1
fhd	6	1
fhd	7	1
fhd	8	1
fhd	9	1
fhd	10	1
fhd	11	1
fhd	12	1
fhd	13	1
fhd	19	1
fhd	24	1
fhd	31	1
fhd	37	1
fhd	43	1
fhd	48	1
fhd	49	1
fhd	56	1
fhd	60	1
fhd	63	1
fhd	65	1
fhd	90	1
fhd	92	1
fhd	94	1
fhd	96	1
fhd	139	1
fhd	143	1
fhd	156	1
fhd	158	1
fhd	166	1
fhd	172	1
fhd	176	1
fhd	186	1
fhd	228	1
fhd	236	1
fhd	238	1
fhd	259	1
fhd	270	1
60hz	5	1
60hz	6	1
60hz	64	1
60hz	112	1
60hz	208	1
12ma	5	1
gen	5	1
gen	39	1
gen	40	1
gen	41	1
gen	74	1
gen	217	1
i5	5	1
i5	9	1
i5	11	1
i5	13	1
i5	19	1
i5	20	1
i5	22	1
i5	23	1
i5	28	1
i5	32	1
i5	35	1
i5	37	1
i5	39	1
i5	41	1
i5	44	1
i5	45	1
i5	48	1
i5	50	1
i5	51	1
i5	55	1
i5	59	1
i5	61	1
i5	66	1
i5	74	1
i5	77	1
i5	105	1
i5	122	1
i5	130	1
i5	135	1
i5	148	1
i5	150	1
i5	151	1
i5	152	1
i5	154	1
i5	157	1
i5	159	1
i5	161	1
i5	187	1
i5	188	1
i5	190	1
i5	193	2
i5	211	1
i5	212	1
i5	215	1
i5	217	1
i5	218	1
i5	221	1
i5	226	1
i5	229	1
i5	236	1
1235u	5	1
1235u	9	1
1235u	19	1
1235u	37	1
1235u	45	1
grafica	5	1
grafica	7	1
grafica	8	1
grafica	9	1
grafica	10	1
grafica	12	1
grafica	13	1
grafica	19	1
grafica	33	1
grafica	37	1
grafica	43	1
grafica	48	1
grafica	123	1
grafica	156	1
grafica	211	1
grafica	236	1
iris	5	1
iris	9	1
iris	13	1
iris	37	1
iris	158	1
iris	173	1
iris	220	1
xe	5	1
xe	9	1
xe	13	1
xe	37	1
xe	158	1
xe	173	1
xe	220	1
go	6	1
go	244	1
go	245	1
e1504fa	6	1
7320u	6	1
8gb	6	1
8gb	20	1
8gb	22	1
8gb	31	1
8gb	33	1
8gb	34	1
8gb	37	1
8gb	42	1
8gb	43	1
8gb	49	1
8gb	53	1
8gb	54	1
8gb	56	1
8gb	57	1
8gb	63	1
8gb	64	1
8gb	66	1
8gb	74	1
8gb	77	1
8gb	103	1
8gb	104	1
8gb	105	1
8gb	131	1
8gb	143	1
8gb	150	1
8gb	152	1
8gb	157	1
8gb	172	1
8gb	186	1
8gb	188	1
8gb	209	1
8gb	212	1
8gb	214	1
8gb	228	1
8gb	229	1
8gb	230	1
8gb	238	1
8gb	259	1
8gb	266	1
256	6	1
256	26	1
256	30	1
256	42	1
256	51	1
256	52	1
256	92	1
256	122	1
256	151	1
256	193	1
256	219	1
256	232	1
radeon	6	1
radeon	7	1
radeon	8	1
radeon	31	1
radeon	89	1
acer	7	1
acer	8	1
acer	9	1
acer	10	1
acer	11	1
acer	12	1
acer	13	1
acer	14	1
acer	15	1
acer	82	1
acer	88	1
acer	106	1
acer	133	1
acer	169	1
acer	258	1
acer	261	1
aspire	7	1
aspire	8	1
aspire	9	1
aspire	10	1
aspire	11	1
aspire	14	1
a315	7	1
a315	8	1
a315	9	1
44p	7	1
r1ep	7	1
5700u	7	1
ddr4	7	1
ddr4	9	1
ddr4	10	1
ddr4	11	1
ddr4	12	1
ddr4	25	1
ddr4	26	1
ddr4	27	1
ddr4	28	1
ddr4	29	1
ddr4	30	1
ddr4	37	1
ddr4	38	1
ddr4	45	1
ddr4	57	1
ddr4	64	1
ddr4	65	1
ddr4	69	1
ddr4	70	1
ddr4	84	1
ddr4	85	1
ddr4	86	1
ddr4	87	1
ddr4	90	1
ddr4	91	1
ddr4	109	1
ddr4	113	1
ddr4	114	1
ddr4	115	1
ddr4	124	1
ddr4	129	1
ddr4	136	1
ddr4	146	1
ddr4	148	1
ddr4	153	1
ddr4	181	1
ddr4	187	1
ddr4	208	1
ddr4	209	1
ddr4	210	1
ddr4	211	1
ddr4	214	1
ddr4	217	1
ddr4	230	1
ddr4	259	1
1024	7	1
1024	10	1
1024	11	1
1024	15	1
lcd	7	1
lcd	9	1
lcd	10	1
lcd	11	1
lcd	12	1
lcd	127	1
scheda	7	1
scheda	8	1
scheda	9	1
scheda	10	1
scheda	12	1
scheda	33	1
scheda	123	1
scheda	130	1
scheda	144	1
windows	7	1
windows	8	1
windows	9	1
windows	10	1
windows	11	1
windows	13	1
windows	15	1
windows	19	1
windows	21	1
windows	24	1
windows	26	1
windows	28	1
windows	31	1
windows	37	1
windows	38	1
windows	45	1
windows	48	1
windows	54	1
windows	57	1
windows	58	1
windows	66	1
windows	70	1
windows	72	1
windows	74	1
windows	75	1
windows	103	1
windows	120	1
windows	122	1
windows	123	1
windows	124	1
windows	129	1
windows	130	1
windows	131	1
windows	134	1
windows	135	1
windows	136	1
windows	137	1
windows	140	1
windows	146	1
windows	148	1
windows	150	1
windows	151	1
windows	153	1
windows	154	1
windows	156	1
windows	158	1
windows	159	1
windows	162	1
windows	163	1
windows	164	1
windows	170	1
windows	172	1
windows	173	1
windows	175	1
windows	180	1
windows	181	1
windows	186	1
windows	187	1
windows	188	1
windows	189	1
windows	191	1
windows	194	1
windows	195	1
windows	210	1
windows	212	1
windows	213	1
windows	214	1
windows	215	1
windows	216	1
windows	217	1
windows	218	1
windows	220	1
windows	222	1
windows	224	1
windows	225	1
windows	226	1
windows	227	1
windows	229	1
windows	230	1
windows	231	1
windows	237	1
windows	256	1
windows	259	1
silver	7	1
silver	8	1
silver	9	1
silver	12	1
silver	23	1
silver	41	1
silver	244	1
24p	8	1
r8dk	8	1
5	8	1
5	10	1
5	16	1
5	18	1
5	20	1
5	31	1
5	66	1
5	68	2
5	75	1
5	78	1
5	79	1
5	81	1
5	89	1
5	96	1
5	103	1
5	108	1
5	118	1
5	119	1
5	127	1
5	145	1
5	173	1
5	180	1
5	202	1
5	204	1
5	208	1
5	211	1
5	212	1
5	222	1
5	223	1
5	230	1
5	231	1
5	238	1
5	247	1
5	251	1
5	255	1
5	269	1
7520u	8	1
7520u	31	1
8	8	1
8	11	1
8	15	1
8	26	1
8	27	1
8	30	1
8	89	1
8	92	1
8	94	1
8	95	1
8	109	1
8	120	1
8	122	1
8	135	1
8	151	1
8	181	2
8	193	1
8	202	1
8	206	1
8	213	1
8	219	1
8	225	1
8	232	1
8	237	1
8	255	1
8	256	1
ddr5	8	1
ddr5	43	1
ddr5	63	1
ddr5	137	1
ddr5	199	1
ddr5	235	1
led	8	1
led	10	1
led	11	1
led	12	1
led	75	1
led	128	1
led	152	1
led	175	1
led	244	1
led	250	1
led	251	1
59	9	1
5067	9	1
a515	10	1
57	10	1
701q	10	1
12650h	10	1
ips	10	1
ips	11	1
ips	13	1
ips	15	1
ips	31	1
ips	37	1
ips	43	1
ips	75	1
ips	84	1
ips	158	1
ips	181	1
ips	184	1
ips	221	1
ips	222	1
ips	237	1
ips	249	1
ips	259	1
ips	267	1
c24	11	1
1800	11	1
computer	11	1
computer	22	1
computer	25	1
computer	26	1
computer	27	1
computer	30	1
computer	39	1
computer	40	1
computer	47	1
computer	56	1
computer	60	1
computer	62	1
computer	67	1
computer	68	1
computer	69	1
computer	70	1
computer	73	1
computer	80	1
computer	82	1
computer	85	1
computer	86	1
computer	87	1
computer	89	1
computer	90	1
computer	95	1
computer	98	1
computer	99	1
computer	100	1
computer	108	1
computer	109	1
computer	111	1
computer	112	1
computer	113	1
computer	114	1
computer	115	1
computer	116	1
computer	117	1
computer	118	1
computer	119	1
computer	121	2
computer	123	1
computer	124	1
computer	127	1
computer	128	1
computer	129	1
computer	130	1
computer	134	1
computer	135	1
computer	136	1
computer	137	1
computer	138	1
computer	140	1
computer	141	1
computer	142	1
computer	143	1
computer	144	1
computer	145	1
computer	148	1
computer	151	1
computer	153	1
computer	154	1
computer	159	1
computer	161	1
computer	162	1
computer	163	1
computer	164	1
computer	165	2
computer	166	1
computer	167	1
computer	168	1
computer	170	1
computer	171	1
computer	172	1
computer	173	2
computer	174	1
computer	176	1
computer	177	1
computer	178	1
computer	179	1
computer	180	1
computer	182	1
computer	183	1
computer	184	1
computer	188	1
computer	190	1
computer	191	1
computer	193	1
computer	197	1
computer	198	1
computer	199	1
computer	200	1
computer	201	1
computer	202	1
computer	203	1
computer	205	1
computer	208	1
computer	209	1
computer	210	1
computer	211	1
computer	212	1
computer	214	1
computer	215	1
computer	216	1
computer	218	1
computer	219	1
computer	224	1
computer	225	1
computer	226	1
computer	227	1
computer	231	1
computer	239	1
computer	240	1
computer	241	1
computer	242	1
computer	244	1
computer	245	1
computer	246	1
computer	247	1
computer	248	1
computer	250	1
computer	251	1
computer	252	1
computer	253	1
computer	254	1
computer	255	1
computer	256	1
computer	257	1
computer	258	1
computer	261	1
computer	262	1
computer	263	1
computer	264	1
computer	265	1
computer	266	1
computer	267	1
computer	268	1
computer	269	1
computer	270	1
fisso	11	1
fisso	140	1
fisso	144	1
fisso	145	1
fisso	159	1
fisso	161	1
fisso	163	1
fisso	164	1
fisso	170	1
fisso	190	1
fisso	193	1
fisso	215	1
fisso	216	1
fisso	218	1
fisso	224	1
fisso	226	1
fisso	227	1
fisso	229	1
fisso	255	1
one	11	1
one	31	1
desktop	11	1
desktop	68	1
desktop	87	1
desktop	98	1
desktop	108	1
desktop	114	1
desktop	124	1
desktop	128	1
desktop	129	1
desktop	135	1
desktop	140	1
desktop	144	1
desktop	145	1
desktop	153	1
desktop	159	1
desktop	161	1
desktop	163	1
desktop	164	1
desktop	170	1
desktop	173	2
desktop	176	1
desktop	178	1
desktop	190	1
desktop	191	1
desktop	193	1
desktop	199	1
desktop	208	1
desktop	209	1
desktop	210	1
desktop	211	1
desktop	213	1
desktop	215	1
desktop	216	1
desktop	217	1
desktop	218	1
desktop	224	1
desktop	226	1
desktop	227	1
desktop	229	2
desktop	239	1
12450h	11	1
12450h	48	1
12450h	211	1
23	11	1
23	71	1
314	12	1
cb314	12	1
2h	12	1
k227	12	1
mediatek	12	1
mediatek	49	1
m8183	12	1
64	12	1
64	128	1
64	151	1
mali	12	1
g72	12	1
mp3	12	1
extensa	13	1
1135g7	13	1
20	13	1
20	130	1
20	165	1
20	211	1
20	231	1
1000	13	1
1000	44	1
1000	187	1
1000	196	1
1000	230	1
pro	13	1
pro	17	1
pro	20	1
pro	21	1
pro	23	2
pro	24	2
pro	25	1
pro	28	1
pro	29	1
pro	30	1
pro	38	1
pro	39	2
pro	40	2
pro	41	2
pro	42	1
pro	45	1
pro	50	1
pro	52	1
pro	53	1
pro	54	2
pro	57	1
pro	58	2
pro	66	1
pro	69	1
pro	72	1
pro	73	1
pro	77	1
pro	87	1
pro	105	1
pro	108	1
pro	109	1
pro	112	1
pro	113	2
pro	114	1
pro	115	1
pro	122	1
pro	123	1
pro	124	1
pro	129	1
pro	130	1
pro	131	1
pro	133	1
pro	134	1
pro	135	1
pro	136	2
pro	137	1
pro	140	1
pro	143	1
pro	144	1
pro	145	1
pro	146	1
pro	148	1
pro	150	1
pro	151	1
pro	152	1
pro	153	1
pro	154	1
pro	159	2
pro	162	1
pro	163	1
pro	164	1
pro	169	1
pro	170	1
pro	173	2
pro	180	1
pro	187	2
pro	188	1
pro	189	1
pro	191	1
pro	201	1
pro	210	1
pro	212	1
pro	214	1
pro	215	1
pro	216	1
pro	217	1
pro	218	1
pro	224	1
pro	226	1
pro	227	1
pro	229	1
pro	230	1
pro	231	1
pro	233	1
pro	258	1
pro	261	1
pronto	13	1
pronto	14	1
pronto	22	1
pronto	24	1
pronto	29	1
pronto	34	1
pronto	35	1
pronto	36	1
pronto	38	1
pronto	39	1
pronto	40	1
pronto	44	1
pronto	50	1
pronto	54	1
pronto	55	1
pronto	58	1
pronto	59	1
pronto	60	1
pronto	61	1
pronto	71	1
pronto	131	1
pronto	146	1
pronto	150	1
pronto	159	1
pronto	161	1
pronto	163	1
pronto	164	1
pronto	170	1
pronto	187	1
pronto	190	1
pronto	193	1
pronto	226	1
pronto	227	1
pronto	229	1
uso	13	1
uso	14	1
uso	22	1
uso	24	1
uso	29	1
uso	34	1
uso	35	1
uso	36	1
uso	38	1
uso	44	1
uso	50	1
uso	54	1
uso	55	1
uso	58	1
uso	59	1
uso	60	1
uso	61	1
uso	71	1
uso	131	1
uso	150	1
uso	159	1
uso	161	1
uso	163	1
uso	164	2
uso	170	1
uso	177	1
uso	190	1
uso	193	1
uso	226	1
uso	227	1
uso	229	1
gar	13	1
italia	13	1
italia	29	1
1255u	14	1
fino	14	1
fino	16	1
fino	28	1
fino	45	1
fino	47	1
fino	62	1
fino	68	1
fino	70	1
fino	76	1
fino	84	1
fino	85	1
fino	86	1
fino	87	1
fino	89	1
fino	90	1
fino	91	1
fino	92	1
fino	100	1
fino	109	1
fino	113	1
fino	114	1
fino	115	1
fino	136	1
fino	137	1
fino	143	1
fino	149	1
fino	165	1
fino	166	1
fino	180	1
fino	181	1
fino	199	1
fino	202	1
fino	203	1
fino	205	1
fino	206	1
fino	207	1
fino	208	1
fino	209	1
fino	210	1
fino	211	1
fino	226	1
fino	227	1
fino	229	1
fino	231	1
fino	232	1
fino	237	1
fino	245	1
fino	254	1
fino	266	1
fino	267	1
70	14	1
ghz	14	1
ghz	23	1
ghz	36	1
ghz	62	1
ghz	87	1
ghz	90	1
ghz	92	1
ghz	94	1
ghz	109	1
ghz	114	1
ghz	130	1
ghz	136	1
ghz	137	1
ghz	140	1
ghz	145	1
ghz	151	1
ghz	157	1
ghz	166	1
ghz	181	1
ghz	190	1
ghz	199	1
ghz	206	1
ghz	208	1
ghz	210	1
ghz	211	2
ghz	219	1
ghz	225	1
ghz	229	1
ghz	230	1
ghz	237	1
ghz	248	1
10	14	1
10	17	1
10	22	1
10	23	1
10	28	1
10	44	1
10	53	1
10	95	1
10	120	1
10	122	1
10	123	1
10	130	1
10	131	1
10	132	1
10	135	1
10	136	1
10	139	1
10	148	1
10	150	1
10	151	1
10	152	1
10	162	1
10	163	1
10	169	1
10	184	1
10	188	1
10	189	1
10	191	1
10	213	1
10	249	1
libre	14	1
libre	22	1
libre	25	1
libre	29	1
libre	32	1
libre	34	1
libre	35	1
libre	36	1
libre	42	1
libre	44	1
libre	50	1
libre	51	1
libre	52	1
libre	55	1
libre	56	1
libre	59	1
libre	60	1
libre	61	1
libre	103	1
libre	131	1
libre	150	1
libre	161	1
libre	163	1
libre	164	1
libre	190	1
libre	193	1
predator	15	1
helios	15	1
neo	15	1
phn16	15	1
72	15	1
99fk	15	1
wqxga	15	1
240	15	1
240	80	1
240	118	1
240	119	1
240	135	1
240	189	1
240	215	1
240	218	1
240	260	1
hz	15	1
hz	176	1
4070	15	1
4070	43	1
4070	63	1
gddr6	15	1
gddr6	43	1
gddr6	63	1
gddr6	65	1
gddr6	130	1
gddr6	230	1
aocwei	16	1
aocwei	92	1
aocwei	93	1
aocwei	94	1
jsy	16	1
jsy	92	1
12	16	1
12	20	1
12	77	1
12	100	1
12	115	1
12	137	1
12	173	2
12	184	1
12	212	1
12	249	1
12	258	1
hdd	16	1
hdd	52	1
hdd	140	1
hdd	145	1
hdd	155	1
1tb	16	1
1tb	23	1
1tb	38	1
1tb	43	1
1tb	58	1
1tb	63	1
1tb	92	1
1tb	93	1
1tb	94	1
1tb	103	1
1tb	124	1
1tb	129	1
1tb	132	1
1tb	134	1
1tb	136	1
1tb	139	1
1tb	140	2
1tb	144	1
1tb	158	1
1tb	162	1
1tb	205	1
1tb	206	1
1tb	207	1
1tb	219	1
1tb	221	1
1tb	227	1
1tb	249	1
1tb	268	1
pollici	16	1
pollici	47	1
pollici	73	1
pollici	77	1
pollici	78	1
pollici	84	1
pollici	88	1
pollici	89	1
pollici	90	1
pollici	91	1
pollici	92	1
pollici	93	1
pollici	94	1
pollici	96	1
pollici	99	1
pollici	102	1
pollici	106	1
pollici	110	1
pollici	111	1
pollici	116	1
pollici	122	1
pollici	125	1
pollici	132	1
pollici	133	2
pollici	138	1
pollici	139	1
pollici	141	1
pollici	142	1
pollici	143	1
pollici	149	1
pollici	152	1
pollici	166	1
pollici	172	1
pollici	181	1
pollici	182	1
pollici	183	1
pollici	184	1
pollici	198	1
pollici	200	2
pollici	201	1
pollici	205	1
pollici	206	1
pollici	207	1
pollici	212	1
pollici	219	1
pollici	220	1
pollici	221	1
pollici	222	1
pollici	223	1
pollici	228	1
pollici	232	1
pollici	233	3
pollici	235	1
pollici	236	1
pollici	237	1
pollici	238	1
pollici	240	1
pollici	241	1
pollici	242	1
pollici	247	1
pollici	249	1
pollici	254	1
pollici	257	1
pollici	258	1
pollici	259	1
pollici	261	2
pollici	262	1
pollici	263	1
pollici	264	1
pollici	265	1
pollici	266	1
pollici	267	1
pollici	268	1
pollici	270	1
n5095	16	1
n5095	68	1
n5095	69	1
n5095	70	1
n5095	92	1
n5095	166	1
n5095	207	1
n5095	228	1
9ghz	16	1
9ghz	207	1
9ghz	228	1
ventola	16	1
ventola	92	1
ventola	207	1
ventola	223	1
raffreddamento	16	1
raffreddamento	17	1
raffreddamento	46	1
raffreddamento	92	1
raffreddamento	95	1
raffreddamento	207	1
1920	16	1
1920	19	1
1920	70	1
1920	84	1
1920	86	1
1920	92	1
1920	172	1
1920	181	1
1920	207	1
1920	221	1
1920	222	1
1920	223	1
1920	228	1
1920	236	1
1920	259	1
1920	267	1
1200	16	1
1200	46	1
1200	84	1
1200	92	1
1200	207	1
1200	267	1
2k	16	1
2k	92	1
2k	207	1
schermo	16	1
schermo	18	1
schermo	19	1
schermo	90	1
schermo	92	1
schermo	96	2
schermo	142	1
schermo	158	1
schermo	172	1
schermo	207	1
schermo	221	1
schermo	259	1
doppio	16	1
doppio	207	1
doppio	210	1
5g	16	1
5g	62	1
5g	90	1
5g	93	1
5g	94	1
5g	109	1
5g	132	1
5g	139	1
5g	143	1
5g	205	1
5g	206	1
5g	207	1
5g	219	1
5g	228	1
5g	267	1
5g	268	1
black	16	1
black	176	1
black	243	1
cirycase	17	1
regolabile	17	1
regolabile	95	1
regolabile	100	1
regolabile	165	1
regolabile	167	1
regolabile	168	1
regolabile	169	1
regolabile	174	1
regolabile	246	1
regolabile	254	1
stand	17	1
stand	46	1
stand	95	1
stand	97	1
stand	126	1
stand	169	1
stand	174	1
rapido	17	1
scrivania	17	1
scrivania	83	1
scrivania	100	1
scrivania	128	2
scrivania	167	3
scrivania	168	3
scrivania	171	2
porta	17	1
porta	67	2
porta	95	1
porta	111	1
porta	116	1
porta	125	2
porta	138	1
porta	141	1
porta	177	1
porta	179	2
porta	182	1
porta	183	2
porta	198	1
porta	200	1
porta	201	1
porta	202	2
porta	203	2
porta	240	1
porta	241	1
porta	242	1
porta	254	1
porta	258	1
porta	262	1
porta	263	1
porta	265	1
ergonomico	17	1
ergonomico	165	1
ergonomico	174	1
ergonomico	246	1
ergonomico	256	1
alluminio	17	1
alluminio	97	1
alluminio	169	2
alluminio	174	1
alluminio	235	1
compatibile	17	1
compatibile	73	1
compatibile	82	1
compatibile	107	1
compatibile	111	1
compatibile	133	1
compatibile	169	1
compatibile	175	1
compatibile	178	1
compatibile	195	1
compatibile	196	1
compatibile	201	1
compatibile	218	1
compatibile	239	1
compatibile	248	1
compatibile	258	1
macbook	17	1
macbook	73	1
macbook	88	1
macbook	104	1
macbook	105	1
macbook	106	1
macbook	111	1
macbook	112	1
macbook	133	1
macbook	169	1
macbook	201	1
macbook	233	2
macbook	241	1
macbook	254	1
macbook	258	1
macbook	261	1
air	17	1
air	104	1
air	169	1
air	233	1
air	258	1
hp	17	1
hp	23	1
hp	24	1
hp	25	1
hp	26	1
hp	27	1
hp	28	1
hp	29	1
hp	30	1
hp	31	1
hp	32	1
hp	33	1
hp	34	1
hp	35	1
hp	36	1
hp	37	2
hp	38	1
hp	39	1
hp	40	1
hp	41	1
hp	42	1
hp	43	1
hp	44	1
hp	45	1
hp	80	2
hp	82	1
hp	88	1
hp	106	1
hp	111	1
hp	118	7
hp	119	1
hp	133	1
hp	146	1
hp	147	1
hp	148	1
hp	149	1
hp	150	1
hp	151	1
hp	152	1
hp	153	1
hp	154	1
hp	155	1
hp	156	1
hp	157	1
hp	158	1
hp	159	1
hp	160	1
hp	161	1
hp	162	1
hp	163	1
hp	164	1
hp	169	1
hp	170	1
hp	201	1
hp	204	1
hp	212	1
hp	254	1
hp	258	1
hp	260	1
hp	261	1
notebooks	17	1
cecotec	18	1
robot	18	1
cucina	18	1
multifunzione	18	1
mambo	18	1
touch	18	1
touch	31	1
touch	66	1
touch	72	1
touch	222	1
1600	18	1
w	18	1
w	22	1
w	109	1
w	255	2
37	18	1
funzioni	18	1
tattile	18	1
tft	18	1
ricettario	18	1
integrato	18	1
integrato	31	1
app	18	1
bilancia	18	1
caraffa	18	1
acciaio	18	1
acciaio	126	1
inox	18	1
capacità	18	1
capacità	257	1
litri	18	1
inspiron	19	1
3520	19	1
x	19	1
x	25	1
x	26	1
x	27	1
x	66	1
x	87	1
x	100	2
x	117	1
x	128	1
x	176	1
x	181	1
x	199	1
x	202	2
x	203	2
x	208	1
x	224	2
x	250	1
x	254	1
1080	19	1
1080	70	1
1080	94	1
1080	172	1
1080	181	1
1080	221	1
1080	222	1
1080	223	1
1080	228	1
1080	236	1
1080	259	1
italiana	19	1
italiana	55	1
italiana	59	1
italiana	75	1
italiana	94	1
italiana	219	1
italiana	228	1
italiana	244	1
italiana	266	1
italiana	267	1
italiana	268	1
latitude	20	1
latitude	21	1
latitude	22	1
latitude	122	1
5290	20	1
8250u	20	1
8250u	55	1
8250u	77	1
128gb	20	1
128gb	33	1
128gb	49	1
128gb	72	1
128gb	94	1
128gb	105	1
128gb	132	1
128gb	139	1
128gb	180	1
128gb	223	1
128gb	270	1
qwerty	20	1
qwerty	55	1
qwerty	72	1
qwerty	78	1
qwerty	105	1
qwerty	175	1
qwerty	178	1
qwerty	194	1
qwerty	195	1
qwerty	253	1
qwerty	256	1
5400	21	1
8650u	21	1
256gb	21	1
256gb	22	1
256gb	25	1
256gb	27	1
256gb	53	1
256gb	54	1
256gb	56	1
256gb	57	1
256gb	66	1
256gb	71	1
256gb	74	1
256gb	77	1
256gb	78	1
256gb	93	1
256gb	104	1
256gb	150	1
256gb	172	1
256gb	205	1
256gb	206	1
256gb	209	1
256gb	212	1
256gb	228	1
256gb	229	1
256gb	238	1
256gb	245	1
256gb	259	1
256gb	266	1
256gb	268	1
6200u	22	1
6200u	151	1
6200u	212	1
250	23	1
250	24	1
250	25	1
250	26	1
250	27	1
250	28	1
250	29	1
250	30	1
250	38	1
250	39	1
250	40	1
250	41	1
250	45	1
250	80	1
250	118	1
250	119	1
250	146	1
250	148	1
250	260	1
g10	23	1
g10	24	1
24gb	23	1
24gb	39	1
24gb	51	1
24gb	58	1
24gb	187	1
1334u	23	1
fingerprint	23	1
fingerprint	36	1
fingerprint	41	1
fingerprint	42	1
fingerprint	55	1
fingerprint	61	1
2021	23	1
2021	39	1
2021	40	1
2021	41	1
2021	54	1
2021	58	1
2021	124	1
2021	129	1
2021	159	1
2021	162	1
2021	170	1
2021	191	1
2021	214	1
32	24	1
32	136	1
32	145	1
32	208	1
32	216	1
32	224	1
32	225	1
32	235	1
tb	24	1
tb	89	1
tb	145	2
tb	199	1
tb	218	1
tb	224	1
tb	232	1
tb	235	1
g9	25	1
g9	26	1
g9	27	1
g9	28	1
g9	29	1
g9	30	1
g9	38	1
g9	39	1
g9	40	1
g9	41	1
g9	45	1
g9	146	1
39	25	1
39	26	1
39	203	1
cm	25	1
cm	26	1
cm	99	1
cm	100	3
cm	128	1
cm	167	1
cm	168	1
cm	178	1
cm	202	1
cm	203	1
1366	25	1
1366	26	1
1366	27	1
768	25	1
768	26	1
768	27	1
pixel	25	1
pixel	26	1
pixel	27	1
pixel	66	1
sdram	25	1
sdram	26	1
sdram	27	1
open	27	1
open	201	1
w11	27	1
w11	30	1
w11	35	1
w11	56	1
w11	60	1
w11	87	1
w11	113	1
w11	114	1
w11	115	1
w11	144	1
w11	145	1
w11	234	1
40ghz	28	1
40ghz	45	1
40ghz	217	1
40ghz	226	1
40ghz	231	1
n	29	1
n	70	1
4500	29	1
garanzia	29	1
garanzia	59	1
garanzia	63	1
garanzia	64	1
garanzia	65	1
garanzia	225	1
27	31	2
27	100	1
27	142	1
cr0001sl	31	1
lpddr5	31	1
integrata	31	1
integrata	48	1
integrata	158	1
audio	31	1
audio	197	2
2w	31	1
bianco	31	1
640	32	1
g2	32	1
6th	32	1
6th	61	1
pacchetto	32	1
pacchetto	34	1
pacchetto	35	1
pacchetto	36	1
pacchetto	39	1
pacchetto	40	1
pacchetto	59	1
pacchetto	60	1
pacchetto	61	1
pacchetto	159	1
pacchetto	161	1
pacchetto	163	1
pacchetto	214	1
w10	32	1
w10	36	1
w10	55	1
w10	61	1
w10	161	1
w10	190	1
w10	193	1
15a	33	1
na0000sl	33	1
lpddr4	33	1
lpddr4	143	1
lpddr4	172	1
lpddr4	180	1
sva	33	1
sva	156	1
rose	33	1
gold	33	1
elitebook	34	1
elitebook	35	1
elitebook	36	1
elitebook	80	1
elitebook	118	1
elitebook	119	1
elitebook	152	1
elitebook	155	1
elitebook	212	1
folio	34	1
240gb	34	1
240gb	157	1
240gb	188	1
240gb	214	1
10pro	34	1
8th	35	1
7ghz	35	1
7ghz	40	1
6600u	36	1
chiavetta	36	1
chiavetta	44	1
chiavetta	55	1
chiavetta	61	1
17	37	2
17	47	1
17	63	2
17	125	1
17	169	1
17	177	1
17	182	1
17	238	1
17	247	1
17	257	1
17	263	1
17	264	1
cn2003sl	37	1
fast	37	1
charge	37	1
lettore	37	1
lettore	112	1
lettore	120	1
lettore	213	1
lettore	215	1
lettore	216	1
lettore	226	1
impronte	37	1
8ghz	38	1
8ghz	42	1
8ghz	143	1
8ghz	189	1
8ghz	205	1
8ghz	217	1
8ghz	266	1
max	38	1
1000gb	38	1
1000gb	231	1
grey	39	1
grey	40	1
grey	48	1
grey	186	1
4ghz	39	1
4ghz	41	1
4ghz	68	1
4ghz	70	1
4ghz	113	1
4ghz	115	1
4ghz	209	1
1256gb	39	1
1256gb	40	1
1256gb	41	1
utilizzo	39	1
utilizzo	40	1
nuovo	42	1
nuovo	50	1
nuovo	51	1
nuovo	52	1
pendrive	42	1
privacy	42	1
ingresso	42	1
ingresso	50	1
ingresso	52	1
ingresso	250	1
sistema	42	1
sistema	50	1
sistema	51	1
sistema	52	1
sistema	53	1
sistema	71	1
operativo	42	1
operativo	50	1
operativo	51	1
operativo	52	1
operativo	71	1
omen	43	1
wf1004sl	43	1
165hz	43	1
freedos	43	1
0	43	1
0	62	2
0	69	1
0	84	1
0	85	2
0	86	1
0	90	2
0	107	1
0	112	1
0	120	1
0	135	1
0	139	1
0	140	2
0	166	1
0	172	1
0	181	1
0	199	1
0	205	1
0	213	1
0	217	1
0	221	1
0	222	1
0	224	2
0	225	1
0	236	1
0	237	1
0	251	1
0	255	1
0	259	2
probook	44	1
probook	80	1
probook	118	1
probook	119	1
probook	160	1
7200u	44	1
5ghz	44	1
5ghz	89	1
omaggio	44	1
omaggio	58	1
finger	44	1
print	44	1
1500gb	45	1
klim	46	1
wind	46	1
base	46	1
500	46	1
500	114	1
000	46	1
unità	46	1
unità	98	1
unità	120	1
unità	213	1
unità	245	1
vendute	46	1
nuova	46	1
2024	46	1
2024	132	1
2024	233	1
potente	46	1
azione	46	1
rapida	46	1
rapida	82	1
ps5	46	1
et	46	1
ps4	46	1
blu	46	1
blu	102	1
blu	138	1
blu	139	1
blu	175	1
blu	203	1
kroser	47	1
kroser	177	1
borsa	47	3
borsa	67	1
borsa	73	1
borsa	76	2
borsa	88	2
borsa	99	1
borsa	101	1
borsa	106	2
borsa	111	2
borsa	133	1
borsa	147	1
borsa	179	1
borsa	200	5
borsa	201	3
borsa	202	1
borsa	203	1
borsa	233	1
borsa	240	1
borsa	241	3
borsa	242	2
borsa	254	2
borsa	258	1
borsa	261	1
borsa	262	1
borsa	265	2
cartella	47	1
cartella	240	1
adatto	47	1
adatto	100	1
tracolla	47	1
tracolla	76	1
tracolla	200	1
tracolla	201	1
tracolla	240	1
tracolla	241	1
tracolla	242	1
tracolla	254	1
tracolla	265	1
espandibile	47	1
espandibile	232	1
espandibile	238	1
tasche	47	1
tasche	99	1
tasche	177	1
tasche	201	1
rfid	47	1
rfid	177	1
viaggi	47	1
viaggi	183	1
viaggi	257	1
affari	47	1
affari	257	1
scuola	47	1
scuola	67	1
scuola	76	1
scuola	116	1
scuola	125	1
scuola	138	1
scuola	141	1
scuola	177	1
scuola	182	1
scuola	183	1
scuola	215	1
scuola	216	1
scuola	218	1
scuola	263	1
scuola	264	1
uomini	47	1
donne	47	1
lenovo	48	1
lenovo	49	1
lenovo	50	1
lenovo	51	1
lenovo	52	1
lenovo	53	1
lenovo	54	1
lenovo	55	1
lenovo	56	1
lenovo	57	1
lenovo	58	1
lenovo	59	1
lenovo	60	1
lenovo	61	1
lenovo	79	1
lenovo	81	2
lenovo	82	1
lenovo	88	1
lenovo	106	1
lenovo	111	1
lenovo	133	1
lenovo	169	1
lenovo	185	1
lenovo	186	1
lenovo	187	1
lenovo	188	1
lenovo	189	1
lenovo	190	1
lenovo	191	1
lenovo	192	1
lenovo	193	1
lenovo	201	1
lenovo	258	1
lenovo	261	1
ideapad	48	1
ideapad	49	1
ideapad	79	1
ideapad	81	1
ideapad	186	1
ideapad	261	1
slim	48	1
slim	49	1
slim	53	1
slim	76	1
slim	120	1
slim	199	1
slim	213	1
arctic	48	1
arctic	186	1
esclusiva	48	1
esclusiva	49	1
esclusiva	186	1
amazon	48	1
amazon	49	1
amazon	98	1
amazon	99	1
amazon	100	1
amazon	101	1
amazon	102	1
amazon	186	1
kompanio	49	1
520	49	1
abyss	49	1
blue	49	1
blue	92	1
1342h	50	1
128	51	1
128	109	1
128	156	1
128	249	1
sata	51	1
sata	68	1
adattatore	51	1
adattatore	80	1
adattatore	82	1
adattatore	112	1
adattatore	118	1
adattatore	119	1
adattatore	239	1
type	51	1
type	62	1
type	89	1
type	143	1
type	166	1
type	208	1
type	213	1
type	220	1
type	221	1
type	222	1
type	236	1
type	245	1
type	249	1
wireless	52	1
wireless	54	1
wireless	56	1
wireless	93	1
wireless	197	1
wireless	206	1
wireless	215	1
wireless	216	1
wireless	218	1
wireless	247	1
wireless	248	1
wireless	266	1
cuffie	52	1
cuffie	53	1
offerta	53	1
offerta	249	1
x1	53	1
carbon	53	1
super	53	1
super	74	1
plus	54	1
plus	58	1
82qy	54	1
thinkpad	55	1
thinkpad	61	1
thinkpad	261	1
1215u	57	1
1215u	58	1
1215u	64	1
1215u	186	1
zaino	58	1
zaino	67	1
zaino	110	3
zaino	116	5
zaino	125	6
zaino	138	8
zaino	141	4
zaino	177	3
zaino	179	2
zaino	182	7
zaino	183	2
zaino	192	1
zaino	198	5
zaino	202	1
zaino	203	1
zaino	243	1
zaino	257	3
zaino	262	4
zaino	263	5
zaino	264	1
sshd	60	1
756gb	60	1
maxlegen	62	1
n95	62	1
n95	68	1
n95	70	1
n95	84	1
n95	90	1
n95	247	1
4g	62	1
4g	109	1
4g	143	1
4g	219	1
4g	228	1
4g	268	1
numerica	62	1
dimensione	62	1
dimensione	117	1
piena	62	1
ufficio	62	1
ufficio	70	1
ufficio	76	1
ufficio	84	1
ufficio	115	1
ufficio	121	1
ufficio	140	1
ufficio	145	1
ufficio	167	1
ufficio	168	1
ufficio	171	1
ufficio	180	1
ufficio	215	1
ufficio	216	1
ufficio	218	1
ufficio	226	1
ufficio	227	1
ufficio	240	1
ufficio	242	1
ufficio	255	1
ufficio	259	1
ufficio	263	1
ufficio	264	1
incluso	62	1
incluso	156	1
incluso	223	1
incluso	226	1
incluso	227	1
incluso	247	1
msi	63	1
msi	64	1
msi	65	1
katana	63	1
b13vgk	63	1
1022it	63	1
144hz	63	1
144hz	65	1
13620h	63	1
13620h	65	1
13620h	136	1
pcie4	63	1
pcie4	65	1
layout	63	1
layout	64	1
layout	65	1
layout	175	1
layout	178	1
layout	194	1
layout	195	1
layout	235	1
layout	253	1
layout	256	1
ita	63	1
ita	64	1
ita	65	1
modern	64	1
c12m	64	1
203it	64	1
m	64	1
m	68	1
m	87	1
m	108	1
m	113	1
m	115	1
m	136	1
m	148	1
m	180	1
m	208	1
m	209	1
m	211	1
m	231	1
thin	65	1
thin	176	1
b13ucx	65	1
2008it	65	1
2050	65	1
3200mhz	65	1
6e	65	1
6e	136	1
6e	173	1
gray	65	1
gray	75	1
microsoft	66	1
microsoft	77	1
microsoft	78	1
microsoft	156	1
microsoft	258	1
surface	66	1
surface	77	1
surface	78	1
surface	112	1
platino	66	1
platino	77	1
platino	78	1
13	66	1
13	73	2
13	74	1
13	78	1
13	80	1
13	88	1
13	102	1
13	104	1
13	105	1
13	139	1
13	233	3
13	249	1
13	258	2
2256	66	1
1504	66	1
1035g7	66	1
mixroom	67	1
uomo	67	1
uomo	116	1
uomo	125	1
uomo	141	1
uomo	177	1
uomo	179	1
uomo	198	2
uomo	240	1
uomo	242	1
uomo	257	1
uomo	258	1
uomo	262	1
uomo	263	2
uomo	264	2
custodia	67	1
custodia	73	1
custodia	76	1
custodia	88	2
custodia	102	1
custodia	106	1
custodia	111	1
custodia	133	3
custodia	139	1
custodia	149	1
custodia	179	1
custodia	233	1
custodia	254	1
custodia	258	1
custodia	261	1
custodia	265	1
attacco	67	1
casual	67	1
casual	110	1
casual	200	1
viaggio	67	1
viaggio	76	1
viaggio	110	1
viaggio	116	1
viaggio	125	1
viaggio	138	1
viaggio	141	1
viaggio	177	1
viaggio	182	1
viaggio	198	1
viaggio	200	1
viaggio	233	1
viaggio	262	1
viaggio	263	1
viaggio	264	1
z33	67	1
nipogi	68	1
nipogi	208	1
nipogi	209	1
nipogi	210	1
nipogi	211	1
mini	68	2
mini	87	2
mini	108	1
mini	109	2
mini	113	3
mini	114	4
mini	115	3
mini	135	1
mini	136	2
mini	137	1
mini	153	1
mini	154	1
mini	166	1
mini	172	1
mini	173	3
mini	180	3
mini	189	1
mini	193	1
mini	199	2
mini	208	2
mini	209	2
mini	210	3
mini	211	2
mini	221	1
mini	232	1
mini	248	1
mini	259	1
ιntel	68	1
ιntel	87	1
ιntel	209	1
ιntel	211	2
alder	68	1
alder	70	1
alder	85	1
alder	114	1
alder	137	1
alder	209	1
lake	68	1
lake	70	1
lake	72	1
lake	85	1
lake	109	1
lake	114	1
lake	137	1
lake	209	1
βeat	68	1
bluetooth4	68	1
bluetooth4	108	1
dual	68	1
dual	92	1
dual	105	1
dual	113	1
dual	114	1
dual	180	1
dual	208	1
dual	209	1
dual	210	1
dual	223	1
dual	237	2
dual	238	1
dual	245	1
dual	249	1
angolo	69	1
aperto	69	1
180	69	1
°	69	1
°	115	1
sblocco	69	1
sblocco	220	1
tramite	69	1
impronta	69	1
impronta	220	1
digitale	69	1
digitale	220	1
digitale	270	1
n100	70	1
n100	84	1
n100	113	1
n100	114	1
n100	115	1
n100	222	1
postazione	71	1
postazione	157	1
completa	71	1
completa	157	1
attivo	71	1
vita	71	1
programmi	71	1
installati	71	1
prixton	72	1
flex	72	1
flex	79	1
convertibile	72	1
convertibile	200	1
screen	72	1
screen	176	1
screen	222	1
screen	244	1
gemini	72	1
gemini	109	1
n4020	72	1
n4020	93	1
n4020	94	1
n4020	205	1
n4020	206	1
n4020	219	1
memoria	72	1
memoria	122	1
memoria	129	1
memoria	134	1
memoria	135	1
memoria	153	1
memoria	154	1
memoria	167	1
memoria	168	1
memoria	238	1
memoria	244	1
rainyear	73	1
protettiva	73	1
protettiva	88	1
protettiva	106	1
protettiva	133	1
protettiva	149	1
sleeve	73	1
sleeve	88	1
sleeve	106	1
sleeve	111	1
sleeve	133	1
caso	73	1
caso	88	1
caso	106	1
caso	111	1
piccola	73	1
aggiuntiva	73	1
portatili	73	1
portatili	82	1
portatili	95	1
portatili	112	1
portatili	116	1
portatili	149	1
portatili	232	1
portatili	262	1
m1	73	1
m1	258	1
m1	261	1
a2442	73	1
rosa	73	1
rosa	181	1
rosa	200	1
rosa	249	1
rosa	261	1
rosa	268	1
samsung	74	1
samsung	75	1
samsung	82	1
samsung	106	1
samsung	112	1
samsung	133	1
samsung	244	1
galaxy	74	1
galaxy	75	1
galaxy	244	1
galaxy	250	1
book3	74	1
360	74	1
amoled	74	1
s	74	1
s	156	1
s	245	1
pen	74	1
evo	74	1
1340p	74	1
13th	74	1
13th	187	1
graphite	74	1
book4	75	1
®	75	1
®	97	1
®	127	1
®	140	1
®	145	1
®	171	1
™	75	1
processor	75	1
versione	75	1
versione	85	1
versione	86	1
versione	98	1
versione	244	1
trust	76	1
trust	157	1
trust	251	1
trust	252	1
trust	253	1
trust	254	1
trust	255	1
trust	256	1
bologna	76	1
eco	76	1
sostenibile	76	1
plastica	76	1
plastica	95	1
plastica	253	1
riciclata	76	1
riciclata	253	1
lavoro	76	1
lavoro	116	1
lavoro	125	1
lavoro	138	1
lavoro	141	2
lavoro	177	1
lavoro	182	2
lavoro	183	1
lavoro	198	1
lavoro	200	1
lavoro	240	1
lavoro	241	1
lavoro	242	1
lavoro	263	1
lavoro	264	1
2018	77	1
2019	78	1
2019	226	1
2019	227	1
2019	261	1
1065g7	78	1
inglese	78	1
65w	79	1
65w	80	1
65w	81	1
65w	82	1
20v	79	1
25a	79	1
caricabatterie	79	1
caricabatterie	80	1
caricabatterie	82	1
caricabatterie	118	1
caricabatterie	119	1
310	79	3
310	81	2
310s	79	3
310s	81	1
320	79	1
320	81	2
330	79	1
330	81	2
14ikb	79	3
14ikb	81	1
15isk	79	1
15isk	81	1
15ikb	79	2
15ikb	81	2
330s	79	2
330s	81	2
510	79	1
710	79	1
s145	79	1
s145	81	1
adlx65clge2a	79	1
adlx65clge2a	81	1
adlx65ccge2a	79	1
alimentatore	79	1
alimentatore	118	1
alimentatore	119	1
alimentatore	160	1
caricatore	80	1
caricatore	81	1
caricatore	118	1
caricatore	119	1
caricatore	198	1
caricatore	263	1
caricatore	264	1
alimentatorer	80	1
pavilion	80	1
pavilion	118	1
pavilion	119	1
pavilion	158	1
x360	80	1
850	80	1
850	118	1
850	119	1
840	80	1
840	118	1
840	119	1
840	151	1
840	152	1
830	80	1
830	118	1
830	119	1
430	80	1
430	118	1
430	119	1
440	80	1
440	118	1
440	119	1
450	80	1
450	118	1
450	119	1
450	160	1
210	80	1
410	80	1
g1	80	1
g1	152	1
255	80	1
g4	80	1
g4	260	4
g5	80	1
g5	137	1
g5	153	1
g5	160	1
g6	80	1
g6	154	1
gan	81	1
320s	81	1
v15	81	1
v14	81	1
15ada05	81	1
15iil05	81	1
15itl6	81	1
carica	81	1
batterie	81	1
tipo	82	1
tipo	84	1
tipo	86	1
tipo	91	1
tipo	96	1
tipo	139	1
tipo	199	1
tipo	245	2
tipo	267	1
tipo	270	1
ricarica	82	1
ricarica	110	1
ricarica	179	1
universale	82	1
google	82	1
serie	82	1
cavo	82	1
cavo	107	2
cavo	175	1
cavo	178	1
cavo	195	1
cavo	239	2
cavo	256	1
alimentazione	82	1
alimentazione	98	1
alimentazione	251	1
alimentazione	252	1
alimentazione	255	1
a3a	83	1
acadgq	83	1
tavolino	83	1
letto	83	2
tavolo	83	1
tavolo	174	1
tavolo	246	1
pieghevole	83	1
pieghevole	95	1
pieghevole	97	1
pieghevole	126	1
pieghevole	169	1
interfaccia	83	1
interfaccia	232	1
cassetto	83	1
slot	83	1
slot	172	1
slot	221	1
slot	247	1
slot	259	1
tazza	83	1
tablet	83	1
tablet	95	1
tablet	132	3
tablet	139	2
tablet	222	1
tablet	245	1
tablet	249	4
tablet	252	1
divano	83	1
pavimento	83	1
60x40cm	83	1
tel	84	1
tel	85	1
tel	86	1
n97	84	1
n97	85	1
n97	86	1
n97	90	1
n97	91	1
n97	108	1
n97	137	2
sconfitta	84	1
6ghz	84	1
6ghz	85	1
6ghz	86	1
6ghz	91	1
6ghz	108	1
6ghz	180	1
scocca	84	1
metallo	84	1
metallo	222	1
wifi6	84	1
typec	85	1
1200p	86	1
‘	86	1
’	86	1
acemagician	87	1
n5105	87	1
n5105	210	1
9	87	1
9	92	1
9	100	1
9	136	1
9	166	1
9	210	1
9	258	1
ak1	87	1
ak1	210	1
4k	87	1
4k	108	1
4k	109	1
4k	112	1
4k	113	1
4k	143	1
4k	208	1
4k	209	1
4k	210	1
4k	211	1
gigabit	87	1
gigabit	108	1
gigabit	209	1
ethernet	87	1
ethernet	108	1
ethernet	209	1
micro	87	1
micro	108	1
micro	136	1
micro	137	1
micro	208	1
micro	210	1
aipie	88	1
impermeabile	88	1
impermeabile	106	1
impermeabile	110	1
impermeabile	116	1
impermeabile	125	1
impermeabile	133	1
impermeabile	141	1
impermeabile	177	1
impermeabile	182	1
impermeabile	183	1
impermeabile	198	1
impermeabile	257	1
impermeabile	258	1
impermeabile	263	1
impermeabile	264	1
trasporto	88	1
trasporto	106	1
trasporto	111	1
trasporto	233	1
trasporto	254	1
aoc	89	1
aoc	90	1
aoc	91	1
vega	89	1
ver	89	1
agg	89	1
superiore	90	1
12ª	91	1
to	91	1
to	92	1
to	221	1
to	238	1
espandi	91	1
gioco	91	1
gioco	96	1
gioco	251	1
gioco	269	1
alte	91	1
prestazioni	91	1
estensioni	92	1
estensioni	94	1
estensioni	205	1
6gb	93	1
6gb	94	1
6gb	180	1
6gb	205	1
6gb	206	1
6gb	223	1
6gb	268	1
expansion	93	1
expansion	206	1
bt4	93	1
bt4	143	1
bt4	172	1
bt4	206	1
bt4	210	1
bt4	228	1
protezione	93	1
protezione	206	1
oro	93	1
oro	181	1
oro	239	1
oro	268	1
upto	94	1
upto	219	1
upto	228	1
rom	94	1
rom	132	1
rom	139	1
rom	166	1
rom	205	1
rom	210	1
rom	219	1
rom	222	1
rom	237	1
rom	249	1
membrana	94	1
membrana	205	1
membrana	219	1
membrana	223	1
membrana	228	1
membrana	253	1
aovuyck	95	1
store	95	1
livelli	95	1
livelli	121	1
livelli	126	1
livelli	169	1
silicone	95	1
6’’	95	1
6’’	146	1
arzopa	96	1
eye	96	1
eye	142	1
eye	176	1
care	96	1
care	142	1
doppi	96	1
altoparlanti	96	1
altoparlanti	98	1
altoparlanti	197	2
altoparlanti	251	1
altoparlanti	252	1
altoparlanti	255	1
altoparlanti	270	1
incorporati	96	1
mac	96	1
mac	120	1
mac	196	1
mac	245	1
mac	248	1
mac	256	1
ps3	96	1
xbox	96	1
xbox	107	1
aitodos	97	1
lega	97	1
leggero	97	1
antiscivolo	97	1
ventilazione	97	1
dissipazione	97	1
calore	97	1
regolazione	97	1
regolazione	126	1
marce	97	1
basics	98	1
basics	99	1
basics	100	1
basics	101	1
basics	102	1
ca	98	1
europea	98	1
compatta	99	1
accessori	99	1
40	99	1
40	100	1
40	114	1
40	190	1
40	202	1
40	211	1
40	229	1
confezione	99	1
rettangolare	100	1
ridurre	100	1
affaticamento	100	1
collo	100	1
22	100	1
22	176	1
libbre	100	1
94	100	1
ruote	101	1
ruote	262	2
navy	102	1
ankermann	103	1
game	103	1
work	103	1
v3	103	1
5600x	103	1
4060	103	1
4060	230	1
4060	231	1
apple	104	1
apple	105	1
apple	233	1
2022	104	1
2022	233	2
chip	104	1
chip	233	2
m2	104	1
m2	158	1
m2	217	1
m2	233	2
m2	258	1
m2	261	1
liquid	104	1
retina	104	1
retina	105	1
archiviazione	104	1
​	104	14
storage	104	1
mezzanotte	104	1
3ghz	105	1
inch	105	1
inch	176	1
english	105	1
arvok	106	1
neoprene	106	1
neoprene	149	1
sony	106	1
sony	133	1
toshiba	106	1
ultrabook	106	1
ultrabook	181	1
benfei	107	1
vga	107	2
vga	142	1
vga	144	1
vga	176	1
vga	211	1
vga	215	1
vga	216	1
vga	218	1
vga	224	1
vga	239	2
1080p	107	1
1080p	142	1
1080p	166	1
1080p	176	1
1080p	268	1
9m	107	1
unidirezionale	107	1
sorgente	107	1
tv	107	1
tv	252	1
proiettore	107	1
proiettore	239	1
hdtv	107	1
hdtv	239	1
raspberry	107	1
pi	107	1
roku	107	1
bmax	108	1
bmax	109	1
bis	108	1
zu	108	1
b4pro	108	1
mit	108	1
2office	108	1
vesa	108	1
vesa	142	1
vesa	176	1
n4000	109	1
n4000	172	1
n4000	223	1
n4000	259	1
supporta	109	1
supporta	142	1
supporta	219	1
supporta	238	1
supporta	268	1
b1pro	109	1
accensione	109	1
automatica	109	1
htpc	109	1
bopai	110	1
antifurto	110	1
antifurto	116	1
antifurto	125	1
antifurto	138	1
antifurto	182	1
antifurto	183	1
antifurto	247	1
antifurto	257	1
antifurto	263	1
antifurto	264	1
intelligente	110	1
college	110	1
college	257	1
bussiness	110	1
bagasin	111	1
bagasin	265	1
resistente	111	1
resistente	177	1
resistente	195	1
resistente	254	1
resistente	256	1
acqua	111	1
baseus	112	1
hub	112	1
pd	112	1
100w	112	1
5gbps	112	1
schede	112	1
sd	112	1
tf	112	1
tf	132	1
tf	139	1
tf	172	1
tf	221	1
tf	238	1
tf	249	1
tf	259	1
docking	112	1
station	112	1
ipad	112	1
ipad	202	1
ipad	203	1
steam	112	1
deck	112	1
ally	112	1
beelink	113	1
beelink	114	1
beelink	115	1
s12	113	1
s12	114	1
s12	115	1
4c	113	1
4c	115	1
4c	209	1
4t	113	1
4t	115	1
4t	209	1
16g	113	1
16g	115	1
16g	166	1
500g	113	1
500g	115	1
1000m	113	1
1000m	115	1
rj45	114	1
wol	114	1
auto	114	1
power	114	1
on	114	1
25w	115	1
tdp	115	1
casa	115	1
casa	121	1
casa	140	1
casa	145	1
casa	171	1
casa	180	1
casa	226	1
casa	227	1
casa	255	1
besttravel	116	1
anello	116	1
csl	117	1
titanwolf	117	2
tappetino	117	1
tappetino	128	1
tappetino	250	3
tappetino	269	1
xxl	117	2
xxl	250	1
speed	117	1
mappa	117	1
mondo	117	1
900	117	1
400	117	1
400	245	1
mm	117	1
mm	251	1
mm	254	1
mm	255	1
–	117	3
mousepad	117	1
sottomano	117	1
grande	117	1
grande	240	1
grande	250	1
grande	257	1
grande	262	1
grande	263	1
migliora	117	1
precisione	117	1
velocità	117	1
45w	118	1
45w	119	1
19	118	1
19	119	1
5v	118	1
5v	119	1
31a	118	1
31a	119	1
stream	118	1
stream	119	1
3mm	118	1
3mm	119	1
cocopa	120	1
masterizzatore	120	1
masterizzatore	134	1
masterizzatore	213	1
masterizzatore	215	1
masterizzatore	216	1
masterizzatore	224	1
esterno	120	2
esterno	213	1
cd	120	2
cd	213	3
cd	215	1
cd	216	1
esterna	120	1
esterna	213	1
r	120	1
rw	120	1
rw	140	1
rw	145	1
rw	213	1
drive	120	1
drive	134	1
drive	213	1
drive	245	1
dispositivo	120	1
ultra	120	1
ultra	140	1
ultra	145	1
ultra	176	1
ultra	181	1
ultra	184	1
ultra	245	1
98	120	1
me	120	1
2000	120	1
xp	120	1
xp	213	1
vista	120	1
linux	120	1
linux	194	1
linux	213	1
comfortcove	121	1
stampante	121	1
stampante	165	1
stampante	246	1
ripiano	121	1
ideale	121	1
ideale	171	1
5480	122	1
precision	123	1
t1700	123	1
tower	123	1
tower	134	1
tower	162	1
tower	191	1
4770	123	1
4770	162	1
4770	224	1
480gb	123	1
dedicata	123	1
quadro	123	1
k620	123	1
5050	124	1
5050	214	1
sff	124	1
sff	188	1
sff	190	1
sff	214	1
6700	124	1
6700	191	1
6700	214	1
6700	225	1
port	124	1
port	130	1
port	189	1
port	220	1
port	257	1
gao	125	1
universita	125	1
deskink	126	1
24x5x2cm	126	1
250gr	126	1
epyc	127	1
quantum	127	1
ups	127	1
gruppo	127	1
continuità	127	1
potenza	127	1
2200va	127	1
1320watt	127	1
tecnologia	127	1
tecnologia	142	1
line	127	1
interactive	127	1
avr	127	1
uscite	127	1
2x	127	1
2x	211	1
schuko	127	1
3x	127	1
iec	127	1
massime	127	1
autonomie	127	1
eureka	128	1
ergonomic	128	1
scirvania	128	1
156	128	1
ampia	128	1
fibra	128	1
carbonio	128	1
extremebit	129	1
extremebit	130	1
assemblato	129	1
11900k	129	1
video	130	1
video	143	1
video	144	1
gtx	130	1
1650	130	1
dvi	130	1
dvi	224	1
d	130	1
d	257	1
elite	131	1
elite	150	1
elite	151	1
8300	131	1
8300	150	1
usdt	131	1
usdt	150	1
2100	131	1
ddr3	131	1
ddr3	150	1
ddr3	218	1
120gb	131	1
fastwd	132	1
newest	132	1
android	132	1
android	139	1
android	184	1
36gb	132	1
batteria	132	1
batteria	184	1
batteria	222	1
batteria	232	1
batteria	260	1
8000mah	132	1
penna	132	1
flintronic	133	1
fujitsu	134	1
fujitsu	135	1
esprimo	134	1
esprimo	135	1
p757	134	1
e85	134	1
quad	134	1
quad	166	1
quad	181	1
quad	184	1
quad	232	1
hard	134	1
hard	135	1
q920	135	1
watt	135	1
watt	160	1
disk	135	1
geekom	136	1
gt13	136	1
13a	136	1
generazione	136	1
generazione	137	1
generazione	148	1
generazione	151	1
generazione	210	1
thread	136	1
usb4	136	1
usb4	199	1
gmktec	137	1
preinstallato	137	1
de	137	1
de	235	1
bureau	137	2
12a	137	1
60	137	1
disco	137	1
disco	140	1
disco	145	1
disco	153	1
disco	154	1
major	137	1
pour	137	1
enterprise	137	1
school	137	1
golf	138	1
quality	138	1
donna	138	2
donna	141	1
donna	177	1
donna	179	1
donna	182	1
donna	183	1
donna	198	1
donna	200	1
donna	240	1
donna	257	1
donna	258	1
donna	262	1
，	138	1
，	169	1
scuro	138	1
goodtel	139	1
12gb	139	1
12gb	207	1
12gb	270	1
gps	139	1
bluetooth5	139	1
8mp	139	1
5mp	139	1
otg	139	1
cast	139	1
greed	140	1
greed	145	1
4790	140	1
molto	140	1
veloce	140	1
veloce	145	1
veloce	217	1
incl	140	1
gyakeog	141	1
elegante	141	1
università	141	1
università	182	1
università	183	1
università	242	1
shopping	141	1
gawfolk	142	1
100hz	142	1
curvo	142	1
speaker	142	1
integrati	142	1
1800r	142	1
senza	142	1
senza	149	1
senza	219	1
senza	223	1
senza	228	1
senza	268	1
cornice	142	1
freesync	142	1
gezoon	143	1
512g	143	1
512g	166	1
n4020c	143	1
6v	143	1
5000mah	143	1
golook	144	1
gtx750ti	144	1
ventole	144	1
rgb	144	1
rgb	250	1
rgb	251	1
rgb	252	1
rgb	253	1
v2	145	1
10900f	145	1
all’uso	146	1
all’uso	187	1
g8	148	1
decima	148	1
licenziato	148	1
2e9j9ea	148	1
reversibile	149	1
profilo	149	1
sottile	149	1
sottile	181	1
sottile	184	1
cerniera	149	1
cerniera	201	1
tessuto	149	1
tessuto	254	1
tessuto	265	1
disinfettabile	149	1
lavabile	149	1
lavabile	269	1
lavatrice	149	1
colore	149	1
colore	202	1
colore	203	1
3470	150	1
book	151	1
g3	151	1
g3	212	1
6a	151	1
bit	151	1
icore	152	1
4300u	152	1
250gb	152	1
elitedesk	153	1
elitedesk	154	1
800	153	1
800	154	1
800	250	1
9700	153	1
10500t	154	1
6930p	155	1
duo	155	1
p8400	155	1
26ghz	155	1
160gb	155	1
15s	156	1
fq3006sl	156	1
ddr	156	1
ddr	232	1
”	156	1
”	158	1
”	169	1
”	186	1
”	244	1
modalità	156	1
modalità	250	1
8200	157	1
10x	157	1
porte	157	1
key	157	1
2014hf	157	1
eg2000sl	158	1
desk	159	1
originale	160	1
65	160	1
forma	160	1
normale	160	1
normale	269	1
prodesk	161	1
4570	161	1
workstation	162	1
z230	162	1
pornto	164	1
huanuo	165	1
altezze	165	1
piattaforma	165	1
rete	165	1
imac	165	1
kg	165	1
hcjip	166	1
homall	167	1
homall	168	1
140x70	167	1
altezza	167	1
altezza	168	1
altezza	174	1
quattro	167	1
quattro	168	1
sezioni	167	1
sezioni	168	1
funzione	167	1
funzione	168	1
200x80	168	1
hoppac	169	1
ventilato	169	1
innovagoods	171	1
cuscino	171	2
xl	171	2
xl	177	1
xl	240	1
deskion	171	1
lavora	171	1
studia	171	1
comodamente	171	1
ergonomicamente	171	1
design	171	1
design	223	1
insoluxia	172	1
card	172	1
card	221	1
card	226	1
card	259	1
nuc	173	1
nuc	180	1
1260p	173	1
kerne	173	1
threads	173	1
threads	225	1
grafik	173	1
thunderbolt4	173	1
joiot	174	1
rialzo	174	1
rialzo	246	1
argenteo	174	1
argenteo	205	1
kemove	175	1
k87se	175	1
tkl	175	1
meccanica	175	1
interruttori	175	1
us	175	1
75	175	1
75	176	3
filo	175	1
filo	256	1
nkro	175	1
staccabile	175	1
macos	175	1
koorui	176	1
comfort	176	1
srgb	176	1
99	176	1
colour	176	1
circumference	176	1
aperture	176	1
tilt	176	1
3’’	177	1
quotidiano	177	1
adatta	177	1
kensington	178	1
valukeyboard	178	1
150	178	1
italiano	178	1
italiano	194	1
italiano	195	1
italiano	253	1
italiano	256	1
1500109it	178	1
kommodum	179	1
letsung	180	1
golite	180	1
n4000c	180	1
studio	180	1
longevince	181	1
n4120	181	1
128g	181	1
lovevook	182	1
lovevook	183	1
zainetto	182	1
backpack	182	1
bosa	182	1
1280x800	184	1
5000	184	1
5000	222	1
mah	184	1
mah	222	1
mah	232	1
studenti	184	1
aziende	184	1
aziende	211	1
thinkcentre	188	1
thinkcentre	189	1
thinkcentre	190	1
m910s	188	1
6400	188	1
m900	189	1
tiny	189	1
6700t	189	1
7500	190	1
…	190	1
thinkstation	191	1
p320	191	1
logitech	194	1
logitech	195	1
logitech	196	1
logitech	197	1
k120	194	1
k120	195	1
cablata	194	1
cablata	256	1
tasti	194	1
tasti	253	1
‎	194	3
silenziosi	194	1
schizzi	194	1
schizzi	195	1
barra	194	1
barra	195	1
spaziatrice	194	1
spaziatrice	195	1
curva	194	1
curva	195	1
plug	195	1
plug	213	1
and	195	1
play	195	1
play	213	1
dimensioni	195	1
dimensioni	202	1
dimensioni	203	1
standard	195	1
m90	196	1
cablato	196	1
dpi	196	1
ambidestro	196	1
z407	197	1
subwoofer	197	1
controllo	197	1
avvolgente	197	1
premium	197	1
ingressi	197	1
multipli	197	1
matein	198	1
regalo	198	1
minisforum	199	1
um680	199	1
6800h	199	1
8c	199	1
8c	208	1
16t	199	1
16t	208	1
dp	199	1
dp	208	1
wifi6e	199	1
mosiso	200	1
mosiso	201	1
pelle	200	1
pelle	202	1
pelle	240	1
pelle	241	2
pelle	242	1
pu	200	1
messenger	200	1
messenger	201	1
messenger	240	1
messenger	265	1
nodo	200	1
fiocco	200	1
lato	201	1
handle	201	1
viola	201	1
viola	207	1
viola	250	1
moleskine	202	1
moleskine	203	1
device	202	1
device	203	1
bag	202	1
bag	203	1
collezione	202	1
collezione	203	1
classic	202	1
classic	203	1
leather	202	1
verticale	202	1
verticale	203	1
30	202	1
29	203	1
9u5b0ut	204	1
abb	204	1
21	204	1
notodd	205	1
notodd	206	1
notodd	207	1
1080fhd	205	1
rosso	206	1
аmd	208	1
5800u	208	1
ak1plus	209	1
ν95	209	1
11a	210	1
triplo	211	1
uffici	211	1
820	212	1
origbelie	213	1
externo	213	1
os	213	1
os	244	1
optiplex	214	1
internet	215	1
internet	216	1
internet	218	1
480	216	1
new	217	1
myka	217	1
cristal	217	1
diamond	217	1
hexa	217	1
11th	217	1
500gb	217	1
500gb	226	1
licenza	217	1
completo	217	1
completo	226	1
completo	227	1
completo	229	1
c02w	217	1
gt	218	1
730	218	1
fili	219	1
fili	228	1
fili	268	1
1195g7	220	1
gpu	220	1
8210y	221	1
8210y	236	1
38	222	1
wh	222	1
0g	223	1
0g	238	1
0g	247	1
×	223	1
4600	224	1
interno	224	1
multimedia	225	1
tera	225	1
36	225	1
mesi	225	1
ricon	225	1
00ghz	227	1
espansione1tb	228	1
hdml	228	1
14700f	230	1
14700f	231	1
3600	230	1
mhz	230	1
dissipatore	230	1
dissipatore	231	1
liquido	230	1
liquido	231	1
240mm	230	1
240mm	231	1
brilliance	230	1
brilliance	231	1
k760	230	1
6000mhz	231	1
i1780k	231	1
pentium	232	1
64ghz	232	1
9000	232	1
sottili	232	1
proelife	233	1
m3	233	1
m3	261	1
accessorio	233	1
razer	234	1
razer	235	1
blade	234	1
blade	235	1
13980hx	234	1
13950hx	235	1
alloggiamento	235	1
qwertz	235	1
mercury	235	1
rovendex	236	1
doppia	236	1
banda	236	1
sgin	237	1
sgin	238	1
bande	237	1
system	238	1
up	238	1
0ghz	238	1
shuliancable	239	1
placcato	239	1
8m	239	1
sid	240	1
vain	240	1
vera	240	1
vera	241	1
vintage	240	1
simon	240	1
portadocumenti	240	1
portadocumenti	242	1
marrone	240	1
stilord	241	1
stilord	242	1
brayson	241	1
asciugamano	241	1
documenti	241	1
valigetta	241	1
valigetta	265	1
nico	242	1
samsonite	243	1
stackd	243	1
biz	243	1
zaini	243	1
xe340xda	244	1
ka1it	244	1
chrome	244	1
sandisk	245	1
flash	245	1
connettori	245	1
reversibili	245	1
mb	245	1
navagio	245	1
bay	245	1
suptek	246	1
teclast	247	1
backlit	247	1
tqq	248	1
ricaricabile	248	1
retroilluminato	248	1
colori	248	1
colori	250	1
ricevitore	248	1
andriod	249	1
gms	249	1
octa	249	1
caméra	249	1
6000mah	249	1
netflix	249	1
300mm	250	1
illuminazione	250	1
illuminazione	251	1
gamer	250	1
extra	250	1
gxt	251	1
gxt	252	1
gxt	253	1
606b	251	1
javv	251	1
casse	251	1
casse	252	1
casse	255	2
12w	251	1
12w	252	1
6w	251	1
rms	251	1
rms	255	1
jack	251	1
jack	255	1
aux	251	1
aux	252	1
aux	255	1
set	251	1
set	255	1
620	252	1
axon	252	1
soundbar	252	1
illuminata	252	1
5mm	252	1
836	253	1
evocx	253	1
78	253	1
ghosting	253	1
keyboard	253	1
primo	254	1
385	254	1
315	254	1
remo	255	1
altoparlante	255	1
stereo	255	1
stereo	270	1
taro	256	1
metri	256	1
liquidi	256	1
vodlbov	257	1
charging	257	1
funzionale	257	1
voova	258	1
wexultor	259	1
wikinu	260	1
2800mah	260	1
hs04	260	1
807956	260	1
001	260	2
807957	260	1
hs03	260	1
245	260	1
246	260	1
807611	260	1
421	260	2
807612	260	1
hstnn	260	2
lb6v	260	1
lb6u	260	1
af067sa	260	1
tpn	260	1
i119	260	1
ba042ng	260	1
8v	260	1
41wh	260	1
zyb	261	1
custodie	261	1
2023	261	1
trolley	262	2
impermeabili	262	1
valigia	262	1
bagaglio	262	1
mano	262	1
50l	263	1
borse	263	1
borse	264	1
idrorepellente	265	1
imbottita	265	1
leggera	265	1
bvate	266	1
bvate	267	1
bvate	268	1
adesivi	266	1
adesivi	267	1
2ghz	267	1
film	268	1
lingua	268	1
siliconica	268	1
cimetech	269	1
comodo	269	1
superficie	269	1
fibre	269	1
superfine	269	1
sensori	269	1
seta	269	1
liscia	269	1
pulisci	269	1
pezzi	269	1
jumper	270	1
installa	270	1
5305u	270	1
38wh	270	1
due	270	1
